hour_index,timestamp,generator,bus,priority,MWMin,MWMax,committed,dispatch_MW,target_load_MW
0,2025-11-12 17:00:00,generator.g28-1,28,1,0.0,150.0,True,150.0,799.3325795999482
0,2025-11-12 17:00:00,generator.g28-2,28,2,0.0,150.0,True,150.0,799.3325795999482
0,2025-11-12 17:00:00,generator.g44-1,44,3,20.0,150.0,True,150.0,799.3325795999482
0,2025-11-12 17:00:00,generator.g53-1,53,4,22.0,100.0,True,100.0,799.3325795999482
0,2025-11-12 17:00:00,generator.g50-1,50,5,38.0,80.0,True,80.0,799.3325795999482
0,2025-11-12 17:00:00,generator.g48-1,48,6,16.0,52.0,True,52.0,799.3325795999482
0,2025-11-12 17:00:00,generator.g14-1,14,7,10.0,35.0,True,35.0,799.3325795999482
1,2025-11-12 18:00:00,generator.g28-1,28,1,0.0,150.0,True,150.0,772.286118287467
1,2025-11-12 18:00:00,generator.g28-2,28,2,0.0,150.0,True,150.0,772.286118287467
1,2025-11-12 18:00:00,generator.g44-1,44,3,20.0,150.0,True,150.0,772.286118287467
1,2025-11-12 18:00:00,generator.g53-1,53,4,22.0,100.0,True,100.0,772.286118287467
1,2025-11-12 18:00:00,generator.g50-1,50,5,38.0,80.0,True,80.0,772.286118287467
1,2025-11-12 18:00:00,generator.g48-1,48,6,16.0,52.0,True,52.0,772.286118287467
1,2025-11-12 18:00:00,generator.g14-1,14,7,10.0,35.0,True,35.0,772.286118287467
2,2025-11-12 19:00:00,generator.g28-1,28,1,0.0,150.0,True,150.0,745.3858540631616
2,2025-11-12 19:00:00,generator.g28-2,28,2,0.0,150.0,True,150.0,745.3858540631616
2,2025-11-12 19:00:00,generator.g44-1,44,3,20.0,150.0,True,150.0,745.3858540631616
2,2025-11-12 19:00:00,generator.g53-1,53,4,22.0,100.0,True,100.0,745.3858540631616
2,2025-11-12 19:00:00,generator.g50-1,50,5,38.0,80.0,True,80.0,745.3858540631616
2,2025-11-12 19:00:00,generator.g48-1,48,6,16.0,52.0,True,52.0,745.3858540631616
2,2025-11-12 19:00:00,generator.g14-1,14,7,10.0,35.0,True,35.0,745.3858540631616
3,2025-11-12 20:00:00,generator.g28-1,28,1,0.0,150.0,True,150.0,700.2840523609971
3,2025-11-12 20:00:00,generator.g28-2,28,2,0.0,150.0,True,150.0,700.2840523609971
3,2025-11-12 20:00:00,generator.g44-1,44,3,20.0,150.0,True,150.0,700.2840523609971
3,2025-11-12 20:00:00,generator.g53-1,53,4,22.0,100.0,True,100.0,700.2840523609971
3,2025-11-12 20:00:00,generator.g50-1,50,5,38.0,80.0,True,80.0,700.2840523609971
3,2025-11-12 20:00:00,generator.g48-1,48,6,16.0,52.0,True,52.0,700.2840523609971
3,2025-11-12 20:00:00,generator.g14-1,14,7,10.0,35.0,True,18.284052360997066,700.2840523609971
4,2025-11-12 21:00:00,generator.g28-1,28,1,0.0,150.0,True,150.0,664.8312584784205
4,2025-11-12 21:00:00,generator.g28-2,28,2,0.0,150.0,True,150.0,664.8312584784205
4,2025-11-12 21:00:00,generator.g44-1,44,3,20.0,150.0,True,150.0,664.8312584784205
4,2025-11-12 21:00:00,generator.g53-1,53,4,22.0,100.0,True,100.0,664.8312584784205
4,2025-11-12 21:00:00,generator.g50-1,50,5,38.0,80.0,True,80.0,664.8312584784205
4,2025-11-12 21:00:00,generator.g48-1,48,6,16.0,52.0,True,34.83125847842052,664.8312584784205
4,2025-11-12 21:00:00,generator.g14-1,14,7,10.0,35.0,False,0.0,664.8312584784205
5,2025-11-12 22:00:00,generator.g28-1,28,1,0.0,150.0,True,150.0,630.1094500367219
5,2025-11-12 22:00:00,generator.g28-2,28,2,0.0,150.0,True,150.0,630.1094500367219
5,2025-11-12 22:00:00,generator.g44-1,44,3,20.0,150.0,True,150.0,630.1094500367219
5,2025-11-12 22:00:00,generator.g53-1,53,4,22.0,100.0,True,100.0,630.1094500367219
5,2025-11-12 22:00:00,generator.g50-1,50,5,38.0,80.0,True,80.0,630.1094500367219
5,2025-11-12 22:00:00,generator.g48-1,48,6,16.0,52.0,False,0.0,630.1094500367219
5,2025-11-12 22:00:00,generator.g14-1,14,7,10.0,35.0,False,0.0,630.1094500367219
6,2025-11-12 23:00:00,generator.g28-1,28,1,0.0,150.0,True,150.0,623.3112854365577
6,2025-11-12 23:00:00,generator.g28-2,28,2,0.0,150.0,True,150.0,623.3112854365577
6,2025-11-12 23:00:00,generator.g44-1,44,3,20.0,150.0,True,150.0,623.3112854365577
6,2025-11-12 23:00:00,generator.g53-1,53,4,22.0,100.0,True,100.0,623.3112854365577
6,2025-11-12 23:00:00,generator.g50-1,50,5,38.0,80.0,True,73.31128543655768,623.3112854365577
6,2025-11-12 23:00:00,generator.g48-1,48,6,16.0,52.0,False,0.0,623.3112854365577
6,2025-11-12 23:00:00,generator.g14-1,14,7,10.0,35.0,False,0.0,623.3112854365577
7,2025-11-13 00:00:00,generator.g28-1,28,1,0.0,150.0,True,150.0,592.1713056551605
7,2025-11-13 00:00:00,generator.g28-2,28,2,0.0,150.0,True,150.0,592.1713056551605
7,2025-11-13 00:00:00,generator.g44-1,44,3,20.0,150.0,True,150.0,592.1713056551605
7,2025-11-13 00:00:00,generator.g53-1,53,4,22.0,100.0,True,100.0,592.1713056551605
7,2025-11-13 00:00:00,generator.g50-1,50,5,38.0,80.0,True,42.171305655160495,592.1713056551605
7,2025-11-13 00:00:00,generator.g48-1,48,6,16.0,52.0,False,0.0,592.1713056551605
7,2025-11-13 00:00:00,generator.g14-1,14,7,10.0,35.0,False,0.0,592.1713056551605
8,2025-11-13 01:00:00,generator.g28-1,28,1,0.0,150.0,True,150.0,576.6013157644619
8,2025-11-13 01:00:00,generator.g28-2,28,2,0.0,150.0,True,150.0,576.6013157644619
8,2025-11-13 01:00:00,generator.g44-1,44,3,20.0,150.0,True,150.0,576.6013157644619
8,2025-11-13 01:00:00,generator.g53-1,53,4,22.0,100.0,True,100.0,576.6013157644619
8,2025-11-13 01:00:00,generator.g50-1,50,5,38.0,80.0,False,0.0,576.6013157644619
8,2025-11-13 01:00:00,generator.g48-1,48,6,16.0,52.0,False,0.0,576.6013157644619
8,2025-11-13 01:00:00,generator.g14-1,14,7,10.0,35.0,False,0.0,576.6013157644619
9,2025-11-13 02:00:00,generator.g28-1,28,1,0.0,150.0,True,150.0,566.8061108566985
9,2025-11-13 02:00:00,generator.g28-2,28,2,0.0,150.0,True,150.0,566.8061108566985
9,2025-11-13 02:00:00,generator.g44-1,44,3,20.0,150.0,True,150.0,566.8061108566985
9,2025-11-13 02:00:00,generator.g53-1,53,4,22.0,100.0,True,100.0,566.8061108566985
9,2025-11-13 02:00:00,generator.g50-1,50,5,38.0,80.0,False,0.0,566.8061108566985
9,2025-11-13 02:00:00,generator.g48-1,48,6,16.0,52.0,False,0.0,566.8061108566985
9,2025-11-13 02:00:00,generator.g14-1,14,7,10.0,35.0,False,0.0,566.8061108566985
10,2025-11-13 03:00:00,generator.g28-1,28,1,0.0,150.0,True,150.0,573.6773740009504
10,2025-11-13 03:00:00,generator.g28-2,28,2,0.0,150.0,True,150.0,573.6773740009504
10,2025-11-13 03:00:00,generator.g44-1,44,3,20.0,150.0,True,150.0,573.6773740009504
10,2025-11-13 03:00:00,generator.g53-1,53,4,22.0,100.0,True,100.0,573.6773740009504
10,2025-11-13 03:00:00,generator.g50-1,50,5,38.0,80.0,False,0.0,573.6773740009504
10,2025-11-13 03:00:00,generator.g48-1,48,6,16.0,52.0,False,0.0,573.6773740009504
10,2025-11-13 03:00:00,generator.g14-1,14,7,10.0,35.0,False,0.0,573.6773740009504
11,2025-11-13 04:00:00,generator.g28-1,28,1,0.0,150.0,True,150.0,595.6069372272865
11,2025-11-13 04:00:00,generator.g28-2,28,2,0.0,150.0,True,150.0,595.6069372272865
11,2025-11-13 04:00:00,generator.g44-1,44,3,20.0,150.0,True,150.0,595.6069372272865
11,2025-11-13 04:00:00,generator.g53-1,53,4,22.0,100.0,True,100.0,595.6069372272865
11,2025-11-13 04:00:00,generator.g50-1,50,5,38.0,80.0,True,45.606937227286494,595.6069372272865
11,2025-11-13 04:00:00,generator.g48-1,48,6,16.0,52.0,False,0.0,595.6069372272865
11,2025-11-13 04:00:00,generator.g14-1,14,7,10.0,35.0,False,0.0,595.6069372272865
12,2025-11-13 05:00:00,generator.g28-1,28,1,0.0,150.0,True,150.0,671.4832259904091
12,2025-11-13 05:00:00,generator.g28-2,28,2,0.0,150.0,True,150.0,671.4832259904091
12,2025-11-13 05:00:00,generator.g44-1,44,3,20.0,150.0,True,150.0,671.4832259904091
12,2025-11-13 05:00:00,generator.g53-1,53,4,22.0,100.0,True,100.0,671.4832259904091
12,2025-11-13 05:00:00,generator.g50-1,50,5,38.0,80.0,True,80.0,671.4832259904091
12,2025-11-13 05:00:00,generator.g48-1,48,6,16.0,52.0,True,41.483225990409096,671.4832259904091
12,2025-11-13 05:00:00,generator.g14-1,14,7,10.0,35.0,False,0.0,671.4832259904091
13,2025-11-13 06:00:00,generator.g28-1,28,1,0.0,150.0,True,150.0,718.2662942065926
13,2025-11-13 06:00:00,generator.g28-2,28,2,0.0,150.0,True,150.0,718.2662942065926
13,2025-11-13 06:00:00,generator.g44-1,44,3,20.0,150.0,True,150.0,718.2662942065926
13,2025-11-13 06:00:00,generator.g53-1,53,4,22.0,100.0,True,100.0,718.2662942065926
13,2025-11-13 06:00:00,generator.g50-1,50,5,38.0,80.0,True,80.0,718.2662942065926
13,2025-11-13 06:00:00,generator.g48-1,48,6,16.0,52.0,True,52.0,718.2662942065926
13,2025-11-13 06:00:00,generator.g14-1,14,7,10.0,35.0,True,35.0,718.2662942065926
14,2025-11-13 07:00:00,generator.g28-1,28,1,0.0,150.0,True,150.0,721.0440388819285
14,2025-11-13 07:00:00,generator.g28-2,28,2,0.0,150.0,True,150.0,721.0440388819285
14,2025-11-13 07:00:00,generator.g44-1,44,3,20.0,150.0,True,150.0,721.0440388819285
14,2025-11-13 07:00:00,generator.g53-1,53,4,22.0,100.0,True,100.0,721.0440388819285
14,2025-11-13 07:00:00,generator.g50-1,50,5,38.0,80.0,True,80.0,721.0440388819285
14,2025-11-13 07:00:00,generator.g48-1,48,6,16.0,52.0,True,52.0,721.0440388819285
14,2025-11-13 07:00:00,generator.g14-1,14,7,10.0,35.0,True,35.0,721.0440388819285
15,2025-11-13 08:00:00,generator.g28-1,28,1,0.0,150.0,True,150.0,736.321634596276
15,2025-11-13 08:00:00,generator.g28-2,28,2,0.0,150.0,True,150.0,736.321634596276
15,2025-11-13 08:00:00,generator.g44-1,44,3,20.0,150.0,True,150.0,736.321634596276
15,2025-11-13 08:00:00,generator.g53-1,53,4,22.0,100.0,True,100.0,736.321634596276
15,2025-11-13 08:00:00,generator.g50-1,50,5,38.0,80.0,True,80.0,736.321634596276
15,2025-11-13 08:00:00,generator.g48-1,48,6,16.0,52.0,True,52.0,736.321634596276
15,2025-11-13 08:00:00,generator.g14-1,14,7,10.0,35.0,True,35.0,736.321634596276
16,2025-11-13 09:00:00,generator.g28-1,28,1,0.0,150.0,True,150.0,764.2452784378105
16,2025-11-13 09:00:00,generator.g28-2,28,2,0.0,150.0,True,150.0,764.2452784378105
16,2025-11-13 09:00:00,generator.g44-1,44,3,20.0,150.0,True,150.0,764.2452784378105
16,2025-11-13 09:00:00,generator.g53-1,53,4,22.0,100.0,True,100.0,764.2452784378105
16,2025-11-13 09:00:00,generator.g50-1,50,5,38.0,80.0,True,80.0,764.2452784378105
16,2025-11-13 09:00:00,generator.g48-1,48,6,16.0,52.0,True,52.0,764.2452784378105
16,2025-11-13 09:00:00,generator.g14-1,14,7,10.0,35.0,True,35.0,764.2452784378105
17,2025-11-13 10:00:00,generator.g28-1,28,1,0.0,150.0,True,150.0,788.2216008986046
17,2025-11-13 10:00:00,generator.g28-2,28,2,0.0,150.0,True,150.0,788.2216008986046
17,2025-11-13 10:00:00,generator.g44-1,44,3,20.0,150.0,True,150.0,788.2216008986046
17,2025-11-13 10:00:00,generator.g53-1,53,4,22.0,100.0,True,100.0,788.2216008986046
17,2025-11-13 10:00:00,generator.g50-1,50,5,38.0,80.0,True,80.0,788.2216008986046
17,2025-11-13 10:00:00,generator.g48-1,48,6,16.0,52.0,True,52.0,788.2216008986046
17,2025-11-13 10:00:00,generator.g14-1,14,7,10.0,35.0,True,35.0,788.2216008986046
18,2025-11-13 11:00:00,generator.g28-1,28,1,0.0,150.0,True,150.0,796.0431451159977
18,2025-11-13 11:00:00,generator.g28-2,28,2,0.0,150.0,True,150.0,796.0431451159977
18,2025-11-13 11:00:00,generator.g44-1,44,3,20.0,150.0,True,150.0,796.0431451159977
18,2025-11-13 11:00:00,generator.g53-1,53,4,22.0,100.0,True,100.0,796.0431451159977
18,2025-11-13 11:00:00,generator.g50-1,50,5,38.0,80.0,True,80.0,796.0431451159977
18,2025-11-13 11:00:00,generator.g48-1,48,6,16.0,52.0,True,52.0,796.0431451159977
18,2025-11-13 11:00:00,generator.g14-1,14,7,10.0,35.0,True,35.0,796.0431451159977
19,2025-11-13 12:00:00,generator.g28-1,28,1,0.0,150.0,True,150.0,799.1132839676849
19,2025-11-13 12:00:00,generator.g28-2,28,2,0.0,150.0,True,150.0,799.1132839676849
19,2025-11-13 12:00:00,generator.g44-1,44,3,20.0,150.0,True,150.0,799.1132839676849
19,2025-11-13 12:00:00,generator.g53-1,53,4,22.0,100.0,True,100.0,799.1132839676849
19,2025-11-13 12:00:00,generator.g50-1,50,5,38.0,80.0,True,80.0,799.1132839676849
19,2025-11-13 12:00:00,generator.g48-1,48,6,16.0,52.0,True,52.0,799.1132839676849
19,2025-11-13 12:00:00,generator.g14-1,14,7,10.0,35.0,True,35.0,799.1132839676849
20,2025-11-13 13:00:00,generator.g28-1,28,1,0.0,150.0,True,150.0,798.5284956149825
20,2025-11-13 13:00:00,generator.g28-2,28,2,0.0,150.0,True,150.0,798.5284956149825
20,2025-11-13 13:00:00,generator.g44-1,44,3,20.0,150.0,True,150.0,798.5284956149825
20,2025-11-13 13:00:00,generator.g53-1,53,4,22.0,100.0,True,100.0,798.5284956149825
20,2025-11-13 13:00:00,generator.g50-1,50,5,38.0,80.0,True,80.0,798.5284956149825
20,2025-11-13 13:00:00,generator.g48-1,48,6,16.0,52.0,True,52.0,798.5284956149825
20,2025-11-13 13:00:00,generator.g14-1,14,7,10.0,35.0,True,35.0,798.5284956149825
21,2025-11-13 14:00:00,generator.g28-1,28,1,0.0,150.0,True,150.0,803.0606053484254
21,2025-11-13 14:00:00,generator.g28-2,28,2,0.0,150.0,True,150.0,803.0606053484254
21,2025-11-13 14:00:00,generator.g44-1,44,3,20.0,150.0,True,150.0,803.0606053484254
21,2025-11-13 14:00:00,generator.g53-1,53,4,22.0,100.0,True,100.0,803.0606053484254
21,2025-11-13 14:00:00,generator.g50-1,50,5,38.0,80.0,True,80.0,803.0606053484254
21,2025-11-13 14:00:00,generator.g48-1,48,6,16.0,52.0,True,52.0,803.0606053484254
21,2025-11-13 14:00:00,generator.g14-1,14,7,10.0,35.0,True,35.0,803.0606053484254
22,2025-11-13 15:00:00,generator.g28-1,28,1,0.0,150.0,True,150.0,819.3615806800017
22,2025-11-13 15:00:00,generator.g28-2,28,2,0.0,150.0,True,150.0,819.3615806800017
22,2025-11-13 15:00:00,generator.g44-1,44,3,20.0,150.0,True,150.0,819.3615806800017
22,2025-11-13 15:00:00,generator.g53-1,53,4,22.0,100.0,True,100.0,819.3615806800017
22,2025-11-13 15:00:00,generator.g50-1,50,5,38.0,80.0,True,80.0,819.3615806800017
22,2025-11-13 15:00:00,generator.g48-1,48,6,16.0,52.0,True,52.0,819.3615806800017
22,2025-11-13 15:00:00,generator.g14-1,14,7,10.0,35.0,True,35.0,819.3615806800017
23,2025-11-13 16:00:00,generator.g28-1,28,1,0.0,150.0,True,150.0,804.3763791420055
23,2025-11-13 16:00:00,generator.g28-2,28,2,0.0,150.0,True,150.0,804.3763791420055
23,2025-11-13 16:00:00,generator.g44-1,44,3,20.0,150.0,True,150.0,804.3763791420055
23,2025-11-13 16:00:00,generator.g53-1,53,4,22.0,100.0,True,100.0,804.3763791420055
23,2025-11-13 16:00:00,generator.g50-1,50,5,38.0,80.0,True,80.0,804.3763791420055
23,2025-11-13 16:00:00,generator.g48-1,48,6,16.0,52.0,True,52.0,804.3763791420055
23,2025-11-13 16:00:00,generator.g14-1,14,7,10.0,35.0,True,35.0,804.3763791420055
24,2025-11-13 17:00:00,generator.g28-1,28,1,0.0,150.0,True,150.0,809.2739815958872
24,2025-11-13 17:00:00,generator.g28-2,28,2,0.0,150.0,True,150.0,809.2739815958872
24,2025-11-13 17:00:00,generator.g44-1,44,3,20.0,150.0,True,150.0,809.2739815958872
24,2025-11-13 17:00:00,generator.g53-1,53,4,22.0,100.0,True,100.0,809.2739815958872
24,2025-11-13 17:00:00,generator.g50-1,50,5,38.0,80.0,True,80.0,809.2739815958872
24,2025-11-13 17:00:00,generator.g48-1,48,6,16.0,52.0,True,52.0,809.2739815958872
24,2025-11-13 17:00:00,generator.g14-1,14,7,10.0,35.0,True,35.0,809.2739815958872
25,2025-11-13 18:00:00,generator.g28-1,28,1,0.0,150.0,True,150.0,813.7329927852422
25,2025-11-13 18:00:00,generator.g28-2,28,2,0.0,150.0,True,150.0,813.7329927852422
25,2025-11-13 18:00:00,generator.g44-1,44,3,20.0,150.0,True,150.0,813.7329927852422
25,2025-11-13 18:00:00,generator.g53-1,53,4,22.0,100.0,True,100.0,813.7329927852422
25,2025-11-13 18:00:00,generator.g50-1,50,5,38.0,80.0,True,80.0,813.7329927852422
25,2025-11-13 18:00:00,generator.g48-1,48,6,16.0,52.0,True,52.0,813.7329927852422
25,2025-11-13 18:00:00,generator.g14-1,14,7,10.0,35.0,True,35.0,813.7329927852422
26,2025-11-13 19:00:00,generator.g28-1,28,1,0.0,150.0,True,150.0,794.5080756901542
26,2025-11-13 19:00:00,generator.g28-2,28,2,0.0,150.0,True,150.0,794.5080756901542
26,2025-11-13 19:00:00,generator.g44-1,44,3,20.0,150.0,True,150.0,794.5080756901542
26,2025-11-13 19:00:00,generator.g53-1,53,4,22.0,100.0,True,100.0,794.5080756901542
26,2025-11-13 19:00:00,generator.g50-1,50,5,38.0,80.0,True,80.0,794.5080756901542
26,2025-11-13 19:00:00,generator.g48-1,48,6,16.0,52.0,True,52.0,794.5080756901542
26,2025-11-13 19:00:00,generator.g14-1,14,7,10.0,35.0,True,35.0,794.5080756901542
27,2025-11-13 20:00:00,generator.g28-1,28,1,0.0,150.0,True,150.0,763.5873915410205
27,2025-11-13 20:00:00,generator.g28-2,28,2,0.0,150.0,True,150.0,763.5873915410205
27,2025-11-13 20:00:00,generator.g44-1,44,3,20.0,150.0,True,150.0,763.5873915410205
27,2025-11-13 20:00:00,generator.g53-1,53,4,22.0,100.0,True,100.0,763.5873915410205
27,2025-11-13 20:00:00,generator.g50-1,50,5,38.0,80.0,True,80.0,763.5873915410205
27,2025-11-13 20:00:00,generator.g48-1,48,6,16.0,52.0,True,52.0,763.5873915410205
27,2025-11-13 20:00:00,generator.g14-1,14,7,10.0,35.0,True,35.0,763.5873915410205
28,2025-11-13 21:00:00,generator.g28-1,28,1,0.0,150.0,True,150.0,736.687127316715
28,2025-11-13 21:00:00,generator.g28-2,28,2,0.0,150.0,True,150.0,736.687127316715
28,2025-11-13 21:00:00,generator.g44-1,44,3,20.0,150.0,True,150.0,736.687127316715
28,2025-11-13 21:00:00,generator.g53-1,53,4,22.0,100.0,True,100.0,736.687127316715
28,2025-11-13 21:00:00,generator.g50-1,50,5,38.0,80.0,True,80.0,736.687127316715
28,2025-11-13 21:00:00,generator.g48-1,48,6,16.0,52.0,True,52.0,736.687127316715
28,2025-11-13 21:00:00,generator.g14-1,14,7,10.0,35.0,True,35.0,736.687127316715
29,2025-11-13 22:00:00,generator.g28-1,28,1,0.0,150.0,True,150.0,704.3775708299132
29,2025-11-13 22:00:00,generator.g28-2,28,2,0.0,150.0,True,150.0,704.3775708299132
29,2025-11-13 22:00:00,generator.g44-1,44,3,20.0,150.0,True,150.0,704.3775708299132
29,2025-11-13 22:00:00,generator.g53-1,53,4,22.0,100.0,True,100.0,704.3775708299132
29,2025-11-13 22:00:00,generator.g50-1,50,5,38.0,80.0,True,80.0,704.3775708299132
29,2025-11-13 22:00:00,generator.g48-1,48,6,16.0,52.0,True,52.0,704.3775708299132
29,2025-11-13 22:00:00,generator.g14-1,14,7,10.0,35.0,True,22.377570829913225,704.3775708299132
30,2025-11-13 23:00:00,generator.g28-1,28,1,0.0,150.0,True,150.0,693.1934935844819
30,2025-11-13 23:00:00,generator.g28-2,28,2,0.0,150.0,True,150.0,693.1934935844819
30,2025-11-13 23:00:00,generator.g44-1,44,3,20.0,150.0,True,150.0,693.1934935844819
30,2025-11-13 23:00:00,generator.g53-1,53,4,22.0,100.0,True,100.0,693.1934935844819
30,2025-11-13 23:00:00,generator.g50-1,50,5,38.0,80.0,True,80.0,693.1934935844819
30,2025-11-13 23:00:00,generator.g48-1,48,6,16.0,52.0,True,52.0,693.1934935844819
30,2025-11-13 23:00:00,generator.g14-1,14,7,10.0,35.0,True,11.193493584481871,693.1934935844819
31,2025-11-14 00:00:00,generator.g28-1,28,1,0.0,150.0,True,150.0,692.8280008640429
31,2025-11-14 00:00:00,generator.g28-2,28,2,0.0,150.0,True,150.0,692.8280008640429
31,2025-11-14 00:00:00,generator.g44-1,44,3,20.0,150.0,True,150.0,692.8280008640429
31,2025-11-14 00:00:00,generator.g53-1,53,4,22.0,100.0,True,100.0,692.8280008640429
31,2025-11-14 00:00:00,generator.g50-1,50,5,38.0,80.0,True,80.0,692.8280008640429
31,2025-11-14 00:00:00,generator.g48-1,48,6,16.0,52.0,True,52.0,692.8280008640429
31,2025-11-14 00:00:00,generator.g14-1,14,7,10.0,35.0,True,10.828000864042906,692.8280008640429
32,2025-11-14 01:00:00,generator.g28-1,28,1,0.0,150.0,True,150.0,689.5385663800924
32,2025-11-14 01:00:00,generator.g28-2,28,2,0.0,150.0,True,150.0,689.5385663800924
32,2025-11-14 01:00:00,generator.g44-1,44,3,20.0,150.0,True,150.0,689.5385663800924
32,2025-11-14 01:00:00,generator.g53-1,53,4,22.0,100.0,True,100.0,689.5385663800924
32,2025-11-14 01:00:00,generator.g50-1,50,5,38.0,80.0,True,80.0,689.5385663800924
32,2025-11-14 01:00:00,generator.g48-1,48,6,16.0,52.0,True,52.0,689.5385663800924
32,2025-11-14 01:00:00,generator.g14-1,14,7,10.0,35.0,False,0.0,689.5385663800924
33,2025-11-14 02:00:00,generator.g28-1,28,1,0.0,150.0,True,150.0,685.7374420875275
33,2025-11-14 02:00:00,generator.g28-2,28,2,0.0,150.0,True,150.0,685.7374420875275
33,2025-11-14 02:00:00,generator.g44-1,44,3,20.0,150.0,True,150.0,685.7374420875275
33,2025-11-14 02:00:00,generator.g53-1,53,4,22.0,100.0,True,100.0,685.7374420875275
33,2025-11-14 02:00:00,generator.g50-1,50,5,38.0,80.0,True,80.0,685.7374420875275
33,2025-11-14 02:00:00,generator.g48-1,48,6,16.0,52.0,True,52.0,685.7374420875275
33,2025-11-14 02:00:00,generator.g14-1,14,7,10.0,35.0,False,0.0,685.7374420875275
34,2025-11-14 03:00:00,generator.g28-1,28,1,0.0,150.0,True,150.0,691.4391285263749
34,2025-11-14 03:00:00,generator.g28-2,28,2,0.0,150.0,True,150.0,691.4391285263749
34,2025-11-14 03:00:00,generator.g44-1,44,3,20.0,150.0,True,150.0,691.4391285263749
34,2025-11-14 03:00:00,generator.g53-1,53,4,22.0,100.0,True,100.0,691.4391285263749
34,2025-11-14 03:00:00,generator.g50-1,50,5,38.0,80.0,True,80.0,691.4391285263749
34,2025-11-14 03:00:00,generator.g48-1,48,6,16.0,52.0,True,52.0,691.4391285263749
34,2025-11-14 03:00:00,generator.g14-1,14,7,10.0,35.0,False,0.0,691.4391285263749
35,2025-11-14 04:00:00,generator.g28-1,28,1,0.0,150.0,True,150.0,717.6084073098026
35,2025-11-14 04:00:00,generator.g28-2,28,2,0.0,150.0,True,150.0,717.6084073098026
35,2025-11-14 04:00:00,generator.g44-1,44,3,20.0,150.0,True,150.0,717.6084073098026
35,2025-11-14 04:00:00,generator.g53-1,53,4,22.0,100.0,True,100.0,717.6084073098026
35,2025-11-14 04:00:00,generator.g50-1,50,5,38.0,80.0,True,80.0,717.6084073098026
35,2025-11-14 04:00:00,generator.g48-1,48,6,16.0,52.0,True,52.0,717.6084073098026
35,2025-11-14 04:00:00,generator.g14-1,14,7,10.0,35.0,True,35.0,717.6084073098026
36,2025-11-14 05:00:00,generator.g28-1,28,1,0.0,150.0,True,150.0,794.7273713224176
36,2025-11-14 05:00:00,generator.g28-2,28,2,0.0,150.0,True,150.0,794.7273713224176
36,2025-11-14 05:00:00,generator.g44-1,44,3,20.0,150.0,True,150.0,794.7273713224176
36,2025-11-14 05:00:00,generator.g53-1,53,4,22.0,100.0,True,100.0,794.7273713224176
36,2025-11-14 05:00:00,generator.g50-1,50,5,38.0,80.0,True,80.0,794.7273713224176
36,2025-11-14 05:00:00,generator.g48-1,48,6,16.0,52.0,True,52.0,794.7273713224176
36,2025-11-14 05:00:00,generator.g14-1,14,7,10.0,35.0,True,35.0,794.7273713224176
37,2025-11-14 06:00:00,generator.g28-1,28,1,0.0,150.0,True,150.0,857.8114148701775
37,2025-11-14 06:00:00,generator.g28-2,28,2,0.0,150.0,True,150.0,857.8114148701775
37,2025-11-14 06:00:00,generator.g44-1,44,3,20.0,150.0,True,150.0,857.8114148701775
37,2025-11-14 06:00:00,generator.g53-1,53,4,22.0,100.0,True,100.0,857.8114148701775
37,2025-11-14 06:00:00,generator.g50-1,50,5,38.0,80.0,True,80.0,857.8114148701775
37,2025-11-14 06:00:00,generator.g48-1,48,6,16.0,52.0,True,52.0,857.8114148701775
37,2025-11-14 06:00:00,generator.g14-1,14,7,10.0,35.0,True,35.0,857.8114148701775
38,2025-11-14 07:00:00,generator.g28-1,28,1,0.0,150.0,True,150.0,867.4604226897654
38,2025-11-14 07:00:00,generator.g28-2,28,2,0.0,150.0,True,150.0,867.4604226897654
38,2025-11-14 07:00:00,generator.g44-1,44,3,20.0,150.0,True,150.0,867.4604226897654
38,2025-11-14 07:00:00,generator.g53-1,53,4,22.0,100.0,True,100.0,867.4604226897654
38,2025-11-14 07:00:00,generator.g50-1,50,5,38.0,80.0,True,80.0,867.4604226897654
38,2025-11-14 07:00:00,generator.g48-1,48,6,16.0,52.0,True,52.0,867.4604226897654
38,2025-11-14 07:00:00,generator.g14-1,14,7,10.0,35.0,True,35.0,867.4604226897654
39,2025-11-14 08:00:00,generator.g28-1,28,1,0.0,150.0,True,150.0,863.7323969412884
39,2025-11-14 08:00:00,generator.g28-2,28,2,0.0,150.0,True,150.0,863.7323969412884
39,2025-11-14 08:00:00,generator.g44-1,44,3,20.0,150.0,True,150.0,863.7323969412884
39,2025-11-14 08:00:00,generator.g53-1,53,4,22.0,100.0,True,100.0,863.7323969412884
39,2025-11-14 08:00:00,generator.g50-1,50,5,38.0,80.0,True,80.0,863.7323969412884
39,2025-11-14 08:00:00,generator.g48-1,48,6,16.0,52.0,True,52.0,863.7323969412884
39,2025-11-14 08:00:00,generator.g14-1,14,7,10.0,35.0,True,35.0,863.7323969412884
40,2025-11-14 09:00:00,generator.g28-1,28,1,0.0,150.0,True,150.0,846.7735347129218
40,2025-11-14 09:00:00,generator.g28-2,28,2,0.0,150.0,True,150.0,846.7735347129218
40,2025-11-14 09:00:00,generator.g44-1,44,3,20.0,150.0,True,150.0,846.7735347129218
40,2025-11-14 09:00:00,generator.g53-1,53,4,22.0,100.0,True,100.0,846.7735347129218
40,2025-11-14 09:00:00,generator.g50-1,50,5,38.0,80.0,True,80.0,846.7735347129218
40,2025-11-14 09:00:00,generator.g48-1,48,6,16.0,52.0,True,52.0,846.7735347129218
40,2025-11-14 09:00:00,generator.g14-1,14,7,10.0,35.0,True,35.0,846.7735347129218
41,2025-11-14 10:00:00,generator.g28-1,28,1,0.0,150.0,True,150.0,823.8205918693567
41,2025-11-14 10:00:00,generator.g28-2,28,2,0.0,150.0,True,150.0,823.8205918693567
41,2025-11-14 10:00:00,generator.g44-1,44,3,20.0,150.0,True,150.0,823.8205918693567
41,2025-11-14 10:00:00,generator.g53-1,53,4,22.0,100.0,True,100.0,823.8205918693567
41,2025-11-14 10:00:00,generator.g50-1,50,5,38.0,80.0,True,80.0,823.8205918693567
41,2025-11-14 10:00:00,generator.g48-1,48,6,16.0,52.0,True,52.0,823.8205918693567
41,2025-11-14 10:00:00,generator.g14-1,14,7,10.0,35.0,True,35.0,823.8205918693567
42,2025-11-14 11:00:00,generator.g28-1,28,1,0.0,150.0,True,150.0,814.3177811379445
42,2025-11-14 11:00:00,generator.g28-2,28,2,0.0,150.0,True,150.0,814.3177811379445
42,2025-11-14 11:00:00,generator.g44-1,44,3,20.0,150.0,True,150.0,814.3177811379445
42,2025-11-14 11:00:00,generator.g53-1,53,4,22.0,100.0,True,100.0,814.3177811379445
42,2025-11-14 11:00:00,generator.g50-1,50,5,38.0,80.0,True,80.0,814.3177811379445
42,2025-11-14 11:00:00,generator.g48-1,48,6,16.0,52.0,True,52.0,814.3177811379445
42,2025-11-14 11:00:00,generator.g14-1,14,7,10.0,35.0,True,35.0,814.3177811379445
43,2025-11-14 12:00:00,generator.g28-1,28,1,0.0,150.0,True,150.0,800.7214519376162
43,2025-11-14 12:00:00,generator.g28-2,28,2,0.0,150.0,True,150.0,800.7214519376162
43,2025-11-14 12:00:00,generator.g44-1,44,3,20.0,150.0,True,150.0,800.7214519376162
43,2025-11-14 12:00:00,generator.g53-1,53,4,22.0,100.0,True,100.0,800.7214519376162
43,2025-11-14 12:00:00,generator.g50-1,50,5,38.0,80.0,True,80.0,800.7214519376162
43,2025-11-14 12:00:00,generator.g48-1,48,6,16.0,52.0,True,52.0,800.7214519376162
43,2025-11-14 12:00:00,generator.g14-1,14,7,10.0,35.0,True,35.0,800.7214519376162
44,2025-11-14 13:00:00,generator.g28-1,28,1,0.0,150.0,True,150.0,814.3177811379445
44,2025-11-14 13:00:00,generator.g28-2,28,2,0.0,150.0,True,150.0,814.3177811379445
44,2025-11-14 13:00:00,generator.g44-1,44,3,20.0,150.0,True,150.0,814.3177811379445
44,2025-11-14 13:00:00,generator.g53-1,53,4,22.0,100.0,True,100.0,814.3177811379445
44,2025-11-14 13:00:00,generator.g50-1,50,5,38.0,80.0,True,80.0,814.3177811379445
44,2025-11-14 13:00:00,generator.g48-1,48,6,16.0,52.0,True,52.0,814.3177811379445
44,2025-11-14 13:00:00,generator.g14-1,14,7,10.0,35.0,True,35.0,814.3177811379445
45,2025-11-14 14:00:00,generator.g28-1,28,1,0.0,150.0,True,150.0,824.4053802220591
45,2025-11-14 14:00:00,generator.g28-2,28,2,0.0,150.0,True,150.0,824.4053802220591
45,2025-11-14 14:00:00,generator.g44-1,44,3,20.0,150.0,True,150.0,824.4053802220591
45,2025-11-14 14:00:00,generator.g53-1,53,4,22.0,100.0,True,100.0,824.4053802220591
45,2025-11-14 14:00:00,generator.g50-1,50,5,38.0,80.0,True,80.0,824.4053802220591
45,2025-11-14 14:00:00,generator.g48-1,48,6,16.0,52.0,True,52.0,824.4053802220591
45,2025-11-14 14:00:00,generator.g14-1,14,7,10.0,35.0,True,35.0,824.4053802220591
46,2025-11-14 15:00:00,generator.g28-1,28,1,0.0,150.0,True,150.0,840.56015846546
46,2025-11-14 15:00:00,generator.g28-2,28,2,0.0,150.0,True,150.0,840.56015846546
46,2025-11-14 15:00:00,generator.g44-1,44,3,20.0,150.0,True,150.0,840.56015846546
46,2025-11-14 15:00:00,generator.g53-1,53,4,22.0,100.0,True,100.0,840.56015846546
46,2025-11-14 15:00:00,generator.g50-1,50,5,38.0,80.0,True,80.0,840.56015846546
46,2025-11-14 15:00:00,generator.g48-1,48,6,16.0,52.0,True,52.0,840.56015846546
46,2025-11-14 15:00:00,generator.g14-1,14,7,10.0,35.0,True,35.0,840.56015846546
47,2025-11-14 16:00:00,generator.g28-1,28,1,0.0,150.0,True,150.0,850.13606774096
47,2025-11-14 16:00:00,generator.g28-2,28,2,0.0,150.0,True,150.0,850.13606774096
47,2025-11-14 16:00:00,generator.g44-1,44,3,20.0,150.0,True,150.0,850.13606774096
47,2025-11-14 16:00:00,generator.g53-1,53,4,22.0,100.0,True,100.0,850.13606774096
47,2025-11-14 16:00:00,generator.g50-1,50,5,38.0,80.0,True,80.0,850.13606774096
47,2025-11-14 16:00:00,generator.g48-1,48,6,16.0,52.0,True,52.0,850.13606774096
47,2025-11-14 16:00:00,generator.g14-1,14,7,10.0,35.0,True,35.0,850.13606774096
48,2025-11-14 17:00:00,generator.g28-1,28,1,0.0,150.0,True,150.0,837.6362167019485
48,2025-11-14 17:00:00,generator.g28-2,28,2,0.0,150.0,True,150.0,837.6362167019485
48,2025-11-14 17:00:00,generator.g44-1,44,3,20.0,150.0,True,150.0,837.6362167019485
48,2025-11-14 17:00:00,generator.g53-1,53,4,22.0,100.0,True,100.0,837.6362167019485
48,2025-11-14 17:00:00,generator.g50-1,50,5,38.0,80.0,True,80.0,837.6362167019485
48,2025-11-14 17:00:00,generator.g48-1,48,6,16.0,52.0,True,52.0,837.6362167019485
48,2025-11-14 17:00:00,generator.g14-1,14,7,10.0,35.0,True,35.0,837.6362167019485
49,2025-11-14 18:00:00,generator.g28-1,28,1,0.0,150.0,True,150.0,819.6539748563529
49,2025-11-14 18:00:00,generator.g28-2,28,2,0.0,150.0,True,150.0,819.6539748563529
49,2025-11-14 18:00:00,generator.g44-1,44,3,20.0,150.0,True,150.0,819.6539748563529
49,2025-11-14 18:00:00,generator.g53-1,53,4,22.0,100.0,True,100.0,819.6539748563529
49,2025-11-14 18:00:00,generator.g50-1,50,5,38.0,80.0,True,80.0,819.6539748563529
49,2025-11-14 18:00:00,generator.g48-1,48,6,16.0,52.0,True,52.0,819.6539748563529
49,2025-11-14 18:00:00,generator.g14-1,14,7,10.0,35.0,True,35.0,819.6539748563529
50,2025-11-14 19:00:00,generator.g28-1,28,1,0.0,150.0,True,150.0,789.7566703244481
50,2025-11-14 19:00:00,generator.g28-2,28,2,0.0,150.0,True,150.0,789.7566703244481
50,2025-11-14 19:00:00,generator.g44-1,44,3,20.0,150.0,True,150.0,789.7566703244481
50,2025-11-14 19:00:00,generator.g53-1,53,4,22.0,100.0,True,100.0,789.7566703244481
50,2025-11-14 19:00:00,generator.g50-1,50,5,38.0,80.0,True,80.0,789.7566703244481
50,2025-11-14 19:00:00,generator.g48-1,48,6,16.0,52.0,True,52.0,789.7566703244481
50,2025-11-14 19:00:00,generator.g14-1,14,7,10.0,35.0,True,35.0,789.7566703244481
51,2025-11-14 20:00:00,generator.g28-1,28,1,0.0,150.0,True,150.0,776.9644251090854
51,2025-11-14 20:00:00,generator.g28-2,28,2,0.0,150.0,True,150.0,776.9644251090854
51,2025-11-14 20:00:00,generator.g44-1,44,3,20.0,150.0,True,150.0,776.9644251090854
51,2025-11-14 20:00:00,generator.g53-1,53,4,22.0,100.0,True,100.0,776.9644251090854
51,2025-11-14 20:00:00,generator.g50-1,50,5,38.0,80.0,True,80.0,776.9644251090854
51,2025-11-14 20:00:00,generator.g48-1,48,6,16.0,52.0,True,52.0,776.9644251090854
51,2025-11-14 20:00:00,generator.g14-1,14,7,10.0,35.0,True,35.0,776.9644251090854
52,2025-11-14 21:00:00,generator.g28-1,28,1,0.0,150.0,True,150.0,758.6166905430509
52,2025-11-14 21:00:00,generator.g28-2,28,2,0.0,150.0,True,150.0,758.6166905430509
52,2025-11-14 21:00:00,generator.g44-1,44,3,20.0,150.0,True,150.0,758.6166905430509
52,2025-11-14 21:00:00,generator.g53-1,53,4,22.0,100.0,True,100.0,758.6166905430509
52,2025-11-14 21:00:00,generator.g50-1,50,5,38.0,80.0,True,80.0,758.6166905430509
52,2025-11-14 21:00:00,generator.g48-1,48,6,16.0,52.0,True,52.0,758.6166905430509
52,2025-11-14 21:00:00,generator.g14-1,14,7,10.0,35.0,True,35.0,758.6166905430509
53,2025-11-14 22:00:00,generator.g28-1,28,1,0.0,150.0,True,150.0,742.4619122996501
53,2025-11-14 22:00:00,generator.g28-2,28,2,0.0,150.0,True,150.0,742.4619122996501
53,2025-11-14 22:00:00,generator.g44-1,44,3,20.0,150.0,True,150.0,742.4619122996501
53,2025-11-14 22:00:00,generator.g53-1,53,4,22.0,100.0,True,100.0,742.4619122996501
53,2025-11-14 22:00:00,generator.g50-1,50,5,38.0,80.0,True,80.0,742.4619122996501
53,2025-11-14 22:00:00,generator.g48-1,48,6,16.0,52.0,True,52.0,742.4619122996501
53,2025-11-14 22:00:00,generator.g14-1,14,7,10.0,35.0,True,35.0,742.4619122996501
54,2025-11-14 23:00:00,generator.g28-1,28,1,0.0,150.0,True,150.0,707.6670053138637
54,2025-11-14 23:00:00,generator.g28-2,28,2,0.0,150.0,True,150.0,707.6670053138637
54,2025-11-14 23:00:00,generator.g44-1,44,3,20.0,150.0,True,150.0,707.6670053138637
54,2025-11-14 23:00:00,generator.g53-1,53,4,22.0,100.0,True,100.0,707.6670053138637
54,2025-11-14 23:00:00,generator.g50-1,50,5,38.0,80.0,True,80.0,707.6670053138637
54,2025-11-14 23:00:00,generator.g48-1,48,6,16.0,52.0,True,52.0,707.6670053138637
54,2025-11-14 23:00:00,generator.g14-1,14,7,10.0,35.0,True,25.667005313863683,707.6670053138637
55,2025-11-15 00:00:00,generator.g28-1,28,1,0.0,150.0,True,150.0,697.2870120533979
55,2025-11-15 00:00:00,generator.g28-2,28,2,0.0,150.0,True,150.0,697.2870120533979
55,2025-11-15 00:00:00,generator.g44-1,44,3,20.0,150.0,True,150.0,697.2870120533979
55,2025-11-15 00:00:00,generator.g53-1,53,4,22.0,100.0,True,100.0,697.2870120533979
55,2025-11-15 00:00:00,generator.g50-1,50,5,38.0,80.0,True,80.0,697.2870120533979
55,2025-11-15 00:00:00,generator.g48-1,48,6,16.0,52.0,True,52.0,697.2870120533979
55,2025-11-15 00:00:00,generator.g14-1,14,7,10.0,35.0,True,15.287012053397916,697.2870120533979
56,2025-11-15 01:00:00,generator.g28-1,28,1,0.0,150.0,True,150.0,694.3630702898864
56,2025-11-15 01:00:00,generator.g28-2,28,2,0.0,150.0,True,150.0,694.3630702898864
56,2025-11-15 01:00:00,generator.g44-1,44,3,20.0,150.0,True,150.0,694.3630702898864
56,2025-11-15 01:00:00,generator.g53-1,53,4,22.0,100.0,True,100.0,694.3630702898864
56,2025-11-15 01:00:00,generator.g50-1,50,5,38.0,80.0,True,80.0,694.3630702898864
56,2025-11-15 01:00:00,generator.g48-1,48,6,16.0,52.0,True,52.0,694.3630702898864
56,2025-11-15 01:00:00,generator.g14-1,14,7,10.0,35.0,True,12.363070289886423,694.3630702898864
57,2025-11-15 02:00:00,generator.g28-1,28,1,0.0,150.0,True,150.0,689.9040591005314
57,2025-11-15 02:00:00,generator.g28-2,28,2,0.0,150.0,True,150.0,689.9040591005314
57,2025-11-15 02:00:00,generator.g44-1,44,3,20.0,150.0,True,150.0,689.9040591005314
57,2025-11-15 02:00:00,generator.g53-1,53,4,22.0,100.0,True,100.0,689.9040591005314
57,2025-11-15 02:00:00,generator.g50-1,50,5,38.0,80.0,True,80.0,689.9040591005314
57,2025-11-15 02:00:00,generator.g48-1,48,6,16.0,52.0,True,52.0,689.9040591005314
57,2025-11-15 02:00:00,generator.g14-1,14,7,10.0,35.0,False,0.0,689.9040591005314
58,2025-11-15 03:00:00,generator.g28-1,28,1,0.0,150.0,True,150.0,703.061797036333
58,2025-11-15 03:00:00,generator.g28-2,28,2,0.0,150.0,True,150.0,703.061797036333
58,2025-11-15 03:00:00,generator.g44-1,44,3,20.0,150.0,True,150.0,703.061797036333
58,2025-11-15 03:00:00,generator.g53-1,53,4,22.0,100.0,True,100.0,703.061797036333
58,2025-11-15 03:00:00,generator.g50-1,50,5,38.0,80.0,True,80.0,703.061797036333
58,2025-11-15 03:00:00,generator.g48-1,48,6,16.0,52.0,True,52.0,703.061797036333
58,2025-11-15 03:00:00,generator.g14-1,14,7,10.0,35.0,True,21.06179703633302,703.061797036333
59,2025-11-15 04:00:00,generator.g28-1,28,1,0.0,150.0,True,150.0,714.4651699140278
59,2025-11-15 04:00:00,generator.g28-2,28,2,0.0,150.0,True,150.0,714.4651699140278
59,2025-11-15 04:00:00,generator.g44-1,44,3,20.0,150.0,True,150.0,714.4651699140278
59,2025-11-15 04:00:00,generator.g53-1,53,4,22.0,100.0,True,100.0,714.4651699140278
59,2025-11-15 04:00:00,generator.g50-1,50,5,38.0,80.0,True,80.0,714.4651699140278
59,2025-11-15 04:00:00,generator.g48-1,48,6,16.0,52.0,True,52.0,714.4651699140278
59,2025-11-15 04:00:00,generator.g14-1,14,7,10.0,35.0,True,32.4651699140278,714.4651699140278
60,2025-11-15 05:00:00,generator.g28-1,28,1,0.0,150.0,True,150.0,736.321634596276
60,2025-11-15 05:00:00,generator.g28-2,28,2,0.0,150.0,True,150.0,736.321634596276
60,2025-11-15 05:00:00,generator.g44-1,44,3,20.0,150.0,True,150.0,736.321634596276
60,2025-11-15 05:00:00,generator.g53-1,53,4,22.0,100.0,True,100.0,736.321634596276
60,2025-11-15 05:00:00,generator.g50-1,50,5,38.0,80.0,True,80.0,736.321634596276
60,2025-11-15 05:00:00,generator.g48-1,48,6,16.0,52.0,True,52.0,736.321634596276
60,2025-11-15 05:00:00,generator.g14-1,14,7,10.0,35.0,True,35.0,736.321634596276
61,2025-11-15 06:00:00,generator.g28-1,28,1,0.0,150.0,True,150.0,770.3855561411847
61,2025-11-15 06:00:00,generator.g28-2,28,2,0.0,150.0,True,150.0,770.3855561411847
61,2025-11-15 06:00:00,generator.g44-1,44,3,20.0,150.0,True,150.0,770.3855561411847
61,2025-11-15 06:00:00,generator.g53-1,53,4,22.0,100.0,True,100.0,770.3855561411847
61,2025-11-15 06:00:00,generator.g50-1,50,5,38.0,80.0,True,80.0,770.3855561411847
61,2025-11-15 06:00:00,generator.g48-1,48,6,16.0,52.0,True,52.0,770.3855561411847
61,2025-11-15 06:00:00,generator.g14-1,14,7,10.0,35.0,True,35.0,770.3855561411847
62,2025-11-15 07:00:00,generator.g28-1,28,1,0.0,150.0,True,150.0,789.464276148097
62,2025-11-15 07:00:00,generator.g28-2,28,2,0.0,150.0,True,150.0,789.464276148097
62,2025-11-15 07:00:00,generator.g44-1,44,3,20.0,150.0,True,150.0,789.464276148097
62,2025-11-15 07:00:00,generator.g53-1,53,4,22.0,100.0,True,100.0,789.464276148097
62,2025-11-15 07:00:00,generator.g50-1,50,5,38.0,80.0,True,80.0,789.464276148097
62,2025-11-15 07:00:00,generator.g48-1,48,6,16.0,52.0,True,52.0,789.464276148097
62,2025-11-15 07:00:00,generator.g14-1,14,7,10.0,35.0,True,35.0,789.464276148097
63,2025-11-15 08:00:00,generator.g28-1,28,1,0.0,150.0,True,150.0,785.8093489437076
63,2025-11-15 08:00:00,generator.g28-2,28,2,0.0,150.0,True,150.0,785.8093489437076
63,2025-11-15 08:00:00,generator.g44-1,44,3,20.0,150.0,True,150.0,785.8093489437076
63,2025-11-15 08:00:00,generator.g53-1,53,4,22.0,100.0,True,100.0,785.8093489437076
63,2025-11-15 08:00:00,generator.g50-1,50,5,38.0,80.0,True,80.0,785.8093489437076
63,2025-11-15 08:00:00,generator.g48-1,48,6,16.0,52.0,True,52.0,785.8093489437076
63,2025-11-15 08:00:00,generator.g14-1,14,7,10.0,35.0,True,35.0,785.8093489437076
64,2025-11-15 09:00:00,generator.g28-1,28,1,0.0,150.0,True,150.0,777.5492134617878
64,2025-11-15 09:00:00,generator.g28-2,28,2,0.0,150.0,True,150.0,777.5492134617878
64,2025-11-15 09:00:00,generator.g44-1,44,3,20.0,150.0,True,150.0,777.5492134617878
64,2025-11-15 09:00:00,generator.g53-1,53,4,22.0,100.0,True,100.0,777.5492134617878
64,2025-11-15 09:00:00,generator.g50-1,50,5,38.0,80.0,True,80.0,777.5492134617878
64,2025-11-15 09:00:00,generator.g48-1,48,6,16.0,52.0,True,52.0,777.5492134617878
64,2025-11-15 09:00:00,generator.g14-1,14,7,10.0,35.0,True,35.0,777.5492134617878
65,2025-11-15 10:00:00,generator.g28-1,28,1,0.0,150.0,True,150.0,759.2014788957532
65,2025-11-15 10:00:00,generator.g28-2,28,2,0.0,150.0,True,150.0,759.2014788957532
65,2025-11-15 10:00:00,generator.g44-1,44,3,20.0,150.0,True,150.0,759.2014788957532
65,2025-11-15 10:00:00,generator.g53-1,53,4,22.0,100.0,True,100.0,759.2014788957532
65,2025-11-15 10:00:00,generator.g50-1,50,5,38.0,80.0,True,80.0,759.2014788957532
65,2025-11-15 10:00:00,generator.g48-1,48,6,16.0,52.0,True,52.0,759.2014788957532
65,2025-11-15 10:00:00,generator.g14-1,14,7,10.0,35.0,True,35.0,759.2014788957532
66,2025-11-15 11:00:00,generator.g28-1,28,1,0.0,150.0,True,150.0,753.5728910009936
66,2025-11-15 11:00:00,generator.g28-2,28,2,0.0,150.0,True,150.0,753.5728910009936
66,2025-11-15 11:00:00,generator.g44-1,44,3,20.0,150.0,True,150.0,753.5728910009936
66,2025-11-15 11:00:00,generator.g53-1,53,4,22.0,100.0,True,100.0,753.5728910009936
66,2025-11-15 11:00:00,generator.g50-1,50,5,38.0,80.0,True,80.0,753.5728910009936
66,2025-11-15 11:00:00,generator.g48-1,48,6,16.0,52.0,True,52.0,753.5728910009936
66,2025-11-15 11:00:00,generator.g14-1,14,7,10.0,35.0,True,35.0,753.5728910009936
67,2025-11-15 12:00:00,generator.g28-1,28,1,0.0,150.0,True,150.0,754.8155662504861
67,2025-11-15 12:00:00,generator.g28-2,28,2,0.0,150.0,True,150.0,754.8155662504861
67,2025-11-15 12:00:00,generator.g44-1,44,3,20.0,150.0,True,150.0,754.8155662504861
67,2025-11-15 12:00:00,generator.g53-1,53,4,22.0,100.0,True,100.0,754.8155662504861
67,2025-11-15 12:00:00,generator.g50-1,50,5,38.0,80.0,True,80.0,754.8155662504861
67,2025-11-15 12:00:00,generator.g48-1,48,6,16.0,52.0,True,52.0,754.8155662504861
67,2025-11-15 12:00:00,generator.g14-1,14,7,10.0,35.0,True,35.0,754.8155662504861
68,2025-11-15 13:00:00,generator.g28-1,28,1,0.0,150.0,True,150.0,751.9647230310624
68,2025-11-15 13:00:00,generator.g28-2,28,2,0.0,150.0,True,150.0,751.9647230310624
68,2025-11-15 13:00:00,generator.g44-1,44,3,20.0,150.0,True,150.0,751.9647230310624
68,2025-11-15 13:00:00,generator.g53-1,53,4,22.0,100.0,True,100.0,751.9647230310624
68,2025-11-15 13:00:00,generator.g50-1,50,5,38.0,80.0,True,80.0,751.9647230310624
68,2025-11-15 13:00:00,generator.g48-1,48,6,16.0,52.0,True,52.0,751.9647230310624
68,2025-11-15 13:00:00,generator.g14-1,14,7,10.0,35.0,True,35.0,751.9647230310624
69,2025-11-15 14:00:00,generator.g28-1,28,1,0.0,150.0,True,150.0,785.4438562232688
69,2025-11-15 14:00:00,generator.g28-2,28,2,0.0,150.0,True,150.0,785.4438562232688
69,2025-11-15 14:00:00,generator.g44-1,44,3,20.0,150.0,True,150.0,785.4438562232688
69,2025-11-15 14:00:00,generator.g53-1,53,4,22.0,100.0,True,100.0,785.4438562232688
69,2025-11-15 14:00:00,generator.g50-1,50,5,38.0,80.0,True,80.0,785.4438562232688
69,2025-11-15 14:00:00,generator.g48-1,48,6,16.0,52.0,True,52.0,785.4438562232688
69,2025-11-15 14:00:00,generator.g14-1,14,7,10.0,35.0,True,35.0,785.4438562232688
70,2025-11-15 15:00:00,generator.g28-1,28,1,0.0,150.0,True,150.0,824.3322816779712
70,2025-11-15 15:00:00,generator.g28-2,28,2,0.0,150.0,True,150.0,824.3322816779712
70,2025-11-15 15:00:00,generator.g44-1,44,3,20.0,150.0,True,150.0,824.3322816779712
70,2025-11-15 15:00:00,generator.g53-1,53,4,22.0,100.0,True,100.0,824.3322816779712
70,2025-11-15 15:00:00,generator.g50-1,50,5,38.0,80.0,True,80.0,824.3322816779712
70,2025-11-15 15:00:00,generator.g48-1,48,6,16.0,52.0,True,52.0,824.3322816779712
70,2025-11-15 15:00:00,generator.g14-1,14,7,10.0,35.0,True,35.0,824.3322816779712
71,2025-11-15 16:00:00,generator.g28-1,28,1,0.0,150.0,True,150.0,830.6918550136087
71,2025-11-15 16:00:00,generator.g28-2,28,2,0.0,150.0,True,150.0,830.6918550136087
71,2025-11-15 16:00:00,generator.g44-1,44,3,20.0,150.0,True,150.0,830.6918550136087
71,2025-11-15 16:00:00,generator.g53-1,53,4,22.0,100.0,True,100.0,830.6918550136087
71,2025-11-15 16:00:00,generator.g50-1,50,5,38.0,80.0,True,80.0,830.6918550136087
71,2025-11-15 16:00:00,generator.g48-1,48,6,16.0,52.0,True,52.0,830.6918550136087
71,2025-11-15 16:00:00,generator.g14-1,14,7,10.0,35.0,True,35.0,830.6918550136087
72,2025-11-15 17:00:00,generator.g28-1,28,1,0.0,150.0,True,150.0,817.3148214455438
72,2025-11-15 17:00:00,generator.g28-2,28,2,0.0,150.0,True,150.0,817.3148214455438
72,2025-11-15 17:00:00,generator.g44-1,44,3,20.0,150.0,True,150.0,817.3148214455438
72,2025-11-15 17:00:00,generator.g53-1,53,4,22.0,100.0,True,100.0,817.3148214455438
72,2025-11-15 17:00:00,generator.g50-1,50,5,38.0,80.0,True,80.0,817.3148214455438
72,2025-11-15 17:00:00,generator.g48-1,48,6,16.0,52.0,True,52.0,817.3148214455438
72,2025-11-15 17:00:00,generator.g14-1,14,7,10.0,35.0,True,35.0,817.3148214455438
73,2025-11-15 18:00:00,generator.g28-1,28,1,0.0,150.0,True,150.0,789.8297688685359
73,2025-11-15 18:00:00,generator.g28-2,28,2,0.0,150.0,True,150.0,789.8297688685359
73,2025-11-15 18:00:00,generator.g44-1,44,3,20.0,150.0,True,150.0,789.8297688685359
73,2025-11-15 18:00:00,generator.g53-1,53,4,22.0,100.0,True,100.0,789.8297688685359
73,2025-11-15 18:00:00,generator.g50-1,50,5,38.0,80.0,True,80.0,789.8297688685359
73,2025-11-15 18:00:00,generator.g48-1,48,6,16.0,52.0,True,52.0,789.8297688685359
73,2025-11-15 18:00:00,generator.g14-1,14,7,10.0,35.0,True,35.0,789.8297688685359
74,2025-11-15 19:00:00,generator.g28-1,28,1,0.0,150.0,True,150.0,762.5640119237914
74,2025-11-15 19:00:00,generator.g28-2,28,2,0.0,150.0,True,150.0,762.5640119237914
74,2025-11-15 19:00:00,generator.g44-1,44,3,20.0,150.0,True,150.0,762.5640119237914
74,2025-11-15 19:00:00,generator.g53-1,53,4,22.0,100.0,True,100.0,762.5640119237914
74,2025-11-15 19:00:00,generator.g50-1,50,5,38.0,80.0,True,80.0,762.5640119237914
74,2025-11-15 19:00:00,generator.g48-1,48,6,16.0,52.0,True,52.0,762.5640119237914
74,2025-11-15 19:00:00,generator.g14-1,14,7,10.0,35.0,True,35.0,762.5640119237914
75,2025-11-15 20:00:00,generator.g28-1,28,1,0.0,150.0,True,150.0,730.473751069253
75,2025-11-15 20:00:00,generator.g28-2,28,2,0.0,150.0,True,150.0,730.473751069253
75,2025-11-15 20:00:00,generator.g44-1,44,3,20.0,150.0,True,150.0,730.473751069253
75,2025-11-15 20:00:00,generator.g53-1,53,4,22.0,100.0,True,100.0,730.473751069253
75,2025-11-15 20:00:00,generator.g50-1,50,5,38.0,80.0,True,80.0,730.473751069253
75,2025-11-15 20:00:00,generator.g48-1,48,6,16.0,52.0,True,52.0,730.473751069253
75,2025-11-15 20:00:00,generator.g14-1,14,7,10.0,35.0,True,35.0,730.473751069253
76,2025-11-15 21:00:00,generator.g28-1,28,1,0.0,150.0,True,150.0,702.1846145072797
76,2025-11-15 21:00:00,generator.g28-2,28,2,0.0,150.0,True,150.0,702.1846145072797
76,2025-11-15 21:00:00,generator.g44-1,44,3,20.0,150.0,True,150.0,702.1846145072797
76,2025-11-15 21:00:00,generator.g53-1,53,4,22.0,100.0,True,100.0,702.1846145072797
76,2025-11-15 21:00:00,generator.g50-1,50,5,38.0,80.0,True,80.0,702.1846145072797
76,2025-11-15 21:00:00,generator.g48-1,48,6,16.0,52.0,True,52.0,702.1846145072797
76,2025-11-15 21:00:00,generator.g14-1,14,7,10.0,35.0,True,20.18461450727966,702.1846145072797
77,2025-11-15 22:00:00,generator.g28-1,28,1,0.0,150.0,True,150.0,677.4042080615199
77,2025-11-15 22:00:00,generator.g28-2,28,2,0.0,150.0,True,150.0,677.4042080615199
77,2025-11-15 22:00:00,generator.g44-1,44,3,20.0,150.0,True,150.0,677.4042080615199
77,2025-11-15 22:00:00,generator.g53-1,53,4,22.0,100.0,True,100.0,677.4042080615199
77,2025-11-15 22:00:00,generator.g50-1,50,5,38.0,80.0,True,80.0,677.4042080615199
77,2025-11-15 22:00:00,generator.g48-1,48,6,16.0,52.0,True,47.40420806151985,677.4042080615199
77,2025-11-15 22:00:00,generator.g14-1,14,7,10.0,35.0,False,0.0,677.4042080615199
78,2025-11-15 23:00:00,generator.g28-1,28,1,0.0,150.0,True,150.0,672.214211431287
78,2025-11-15 23:00:00,generator.g28-2,28,2,0.0,150.0,True,150.0,672.214211431287
78,2025-11-15 23:00:00,generator.g44-1,44,3,20.0,150.0,True,150.0,672.214211431287
78,2025-11-15 23:00:00,generator.g53-1,53,4,22.0,100.0,True,100.0,672.214211431287
78,2025-11-15 23:00:00,generator.g50-1,50,5,38.0,80.0,True,80.0,672.214211431287
78,2025-11-15 23:00:00,generator.g48-1,48,6,16.0,52.0,True,42.214211431287026,672.214211431287
78,2025-11-15 23:00:00,generator.g14-1,14,7,10.0,35.0,False,0.0,672.214211431287
79,2025-11-16 00:00:00,generator.g28-1,28,1,0.0,150.0,True,150.0,664.9774555665961
79,2025-11-16 00:00:00,generator.g28-2,28,2,0.0,150.0,True,150.0,664.9774555665961
79,2025-11-16 00:00:00,generator.g44-1,44,3,20.0,150.0,True,150.0,664.9774555665961
79,2025-11-16 00:00:00,generator.g53-1,53,4,22.0,100.0,True,100.0,664.9774555665961
79,2025-11-16 00:00:00,generator.g50-1,50,5,38.0,80.0,True,80.0,664.9774555665961
79,2025-11-16 00:00:00,generator.g48-1,48,6,16.0,52.0,True,34.97745556659606,664.9774555665961
79,2025-11-16 00:00:00,generator.g14-1,14,7,10.0,35.0,False,0.0,664.9774555665961
80,2025-11-16 01:00:00,generator.g28-1,28,1,0.0,150.0,True,150.0,666.9511162569664
80,2025-11-16 01:00:00,generator.g28-2,28,2,0.0,150.0,True,150.0,666.9511162569664
80,2025-11-16 01:00:00,generator.g44-1,44,3,20.0,150.0,True,150.0,666.9511162569664
80,2025-11-16 01:00:00,generator.g53-1,53,4,22.0,100.0,True,100.0,666.9511162569664
80,2025-11-16 01:00:00,generator.g50-1,50,5,38.0,80.0,True,80.0,666.9511162569664
80,2025-11-16 01:00:00,generator.g48-1,48,6,16.0,52.0,True,36.95111625696643,666.9511162569664
80,2025-11-16 01:00:00,generator.g14-1,14,7,10.0,35.0,False,0.0,666.9511162569664
81,2025-11-16 02:00:00,generator.g28-1,28,1,0.0,150.0,True,150.0,668.8516784032488
81,2025-11-16 02:00:00,generator.g28-2,28,2,0.0,150.0,True,150.0,668.8516784032488
81,2025-11-16 02:00:00,generator.g44-1,44,3,20.0,150.0,True,150.0,668.8516784032488
81,2025-11-16 02:00:00,generator.g53-1,53,4,22.0,100.0,True,100.0,668.8516784032488
81,2025-11-16 02:00:00,generator.g50-1,50,5,38.0,80.0,True,80.0,668.8516784032488
81,2025-11-16 02:00:00,generator.g48-1,48,6,16.0,52.0,True,38.8516784032488,668.8516784032488
81,2025-11-16 02:00:00,generator.g14-1,14,7,10.0,35.0,False,0.0,668.8516784032488
82,2025-11-16 03:00:00,generator.g28-1,28,1,0.0,150.0,True,150.0,657.8868967900808
82,2025-11-16 03:00:00,generator.g28-2,28,2,0.0,150.0,True,150.0,657.8868967900808
82,2025-11-16 03:00:00,generator.g44-1,44,3,20.0,150.0,True,150.0,657.8868967900808
82,2025-11-16 03:00:00,generator.g53-1,53,4,22.0,100.0,True,100.0,657.8868967900808
82,2025-11-16 03:00:00,generator.g50-1,50,5,38.0,80.0,True,80.0,657.8868967900808
82,2025-11-16 03:00:00,generator.g48-1,48,6,16.0,52.0,True,27.886896790080755,657.8868967900808
82,2025-11-16 03:00:00,generator.g14-1,14,7,10.0,35.0,False,0.0,657.8868967900808
83,2025-11-16 04:00:00,generator.g28-1,28,1,0.0,150.0,True,150.0,653.0623928802869
83,2025-11-16 04:00:00,generator.g28-2,28,2,0.0,150.0,True,150.0,653.0623928802869
83,2025-11-16 04:00:00,generator.g44-1,44,3,20.0,150.0,True,150.0,653.0623928802869
83,2025-11-16 04:00:00,generator.g53-1,53,4,22.0,100.0,True,100.0,653.0623928802869
83,2025-11-16 04:00:00,generator.g50-1,50,5,38.0,80.0,True,80.0,653.0623928802869
83,2025-11-16 04:00:00,generator.g48-1,48,6,16.0,52.0,True,23.062392880286893,653.0623928802869
83,2025-11-16 04:00:00,generator.g14-1,14,7,10.0,35.0,False,0.0,653.0623928802869
84,2025-11-16 05:00:00,generator.g28-1,28,1,0.0,150.0,True,150.0,666.5856235365274
84,2025-11-16 05:00:00,generator.g28-2,28,2,0.0,150.0,True,150.0,666.5856235365274
84,2025-11-16 05:00:00,generator.g44-1,44,3,20.0,150.0,True,150.0,666.5856235365274
84,2025-11-16 05:00:00,generator.g53-1,53,4,22.0,100.0,True,100.0,666.5856235365274
84,2025-11-16 05:00:00,generator.g50-1,50,5,38.0,80.0,True,80.0,666.5856235365274
84,2025-11-16 05:00:00,generator.g48-1,48,6,16.0,52.0,True,36.58562353652735,666.5856235365274
84,2025-11-16 05:00:00,generator.g14-1,14,7,10.0,35.0,False,0.0,666.5856235365274
85,2025-11-16 06:00:00,generator.g28-1,28,1,0.0,150.0,True,150.0,690.2695518209704
85,2025-11-16 06:00:00,generator.g28-2,28,2,0.0,150.0,True,150.0,690.2695518209704
85,2025-11-16 06:00:00,generator.g44-1,44,3,20.0,150.0,True,150.0,690.2695518209704
85,2025-11-16 06:00:00,generator.g53-1,53,4,22.0,100.0,True,100.0,690.2695518209704
85,2025-11-16 06:00:00,generator.g50-1,50,5,38.0,80.0,True,80.0,690.2695518209704
85,2025-11-16 06:00:00,generator.g48-1,48,6,16.0,52.0,True,52.0,690.2695518209704
85,2025-11-16 06:00:00,generator.g14-1,14,7,10.0,35.0,False,0.0,690.2695518209704
86,2025-11-16 07:00:00,generator.g28-1,28,1,0.0,150.0,True,150.0,725.3568529831081
86,2025-11-16 07:00:00,generator.g28-2,28,2,0.0,150.0,True,150.0,725.3568529831081
86,2025-11-16 07:00:00,generator.g44-1,44,3,20.0,150.0,True,150.0,725.3568529831081
86,2025-11-16 07:00:00,generator.g53-1,53,4,22.0,100.0,True,100.0,725.3568529831081
86,2025-11-16 07:00:00,generator.g50-1,50,5,38.0,80.0,True,80.0,725.3568529831081
86,2025-11-16 07:00:00,generator.g48-1,48,6,16.0,52.0,True,52.0,725.3568529831081
86,2025-11-16 07:00:00,generator.g14-1,14,7,10.0,35.0,True,35.0,725.3568529831081
87,2025-11-16 08:00:00,generator.g28-1,28,1,0.0,150.0,True,150.0,740.2689559770165
87,2025-11-16 08:00:00,generator.g28-2,28,2,0.0,150.0,True,150.0,740.2689559770165
87,2025-11-16 08:00:00,generator.g44-1,44,3,20.0,150.0,True,150.0,740.2689559770165
87,2025-11-16 08:00:00,generator.g53-1,53,4,22.0,100.0,True,100.0,740.2689559770165
87,2025-11-16 08:00:00,generator.g50-1,50,5,38.0,80.0,True,80.0,740.2689559770165
87,2025-11-16 08:00:00,generator.g48-1,48,6,16.0,52.0,True,52.0,740.2689559770165
87,2025-11-16 08:00:00,generator.g14-1,14,7,10.0,35.0,True,35.0,740.2689559770165
88,2025-11-16 09:00:00,generator.g28-1,28,1,0.0,150.0,True,150.0,745.8975438717761
88,2025-11-16 09:00:00,generator.g28-2,28,2,0.0,150.0,True,150.0,745.8975438717761
88,2025-11-16 09:00:00,generator.g44-1,44,3,20.0,150.0,True,150.0,745.8975438717761
88,2025-11-16 09:00:00,generator.g53-1,53,4,22.0,100.0,True,100.0,745.8975438717761
88,2025-11-16 09:00:00,generator.g50-1,50,5,38.0,80.0,True,80.0,745.8975438717761
88,2025-11-16 09:00:00,generator.g48-1,48,6,16.0,52.0,True,52.0,745.8975438717761
88,2025-11-16 09:00:00,generator.g14-1,14,7,10.0,35.0,True,35.0,745.8975438717761
89,2025-11-16 10:00:00,generator.g28-1,28,1,0.0,150.0,True,150.0,754.5231720741349
89,2025-11-16 10:00:00,generator.g28-2,28,2,0.0,150.0,True,150.0,754.5231720741349
89,2025-11-16 10:00:00,generator.g44-1,44,3,20.0,150.0,True,150.0,754.5231720741349
89,2025-11-16 10:00:00,generator.g53-1,53,4,22.0,100.0,True,100.0,754.5231720741349
89,2025-11-16 10:00:00,generator.g50-1,50,5,38.0,80.0,True,80.0,754.5231720741349
89,2025-11-16 10:00:00,generator.g48-1,48,6,16.0,52.0,True,52.0,754.5231720741349
89,2025-11-16 10:00:00,generator.g14-1,14,7,10.0,35.0,True,35.0,754.5231720741349
90,2025-11-16 11:00:00,generator.g28-1,28,1,0.0,150.0,True,150.0,756.1313400440662
90,2025-11-16 11:00:00,generator.g28-2,28,2,0.0,150.0,True,150.0,756.1313400440662
90,2025-11-16 11:00:00,generator.g44-1,44,3,20.0,150.0,True,150.0,756.1313400440662
90,2025-11-16 11:00:00,generator.g53-1,53,4,22.0,100.0,True,100.0,756.1313400440662
90,2025-11-16 11:00:00,generator.g50-1,50,5,38.0,80.0,True,80.0,756.1313400440662
90,2025-11-16 11:00:00,generator.g48-1,48,6,16.0,52.0,True,52.0,756.1313400440662
90,2025-11-16 11:00:00,generator.g14-1,14,7,10.0,35.0,True,35.0,756.1313400440662
91,2025-11-16 12:00:00,generator.g28-1,28,1,0.0,150.0,True,150.0,761.9792235710892
91,2025-11-16 12:00:00,generator.g28-2,28,2,0.0,150.0,True,150.0,761.9792235710892
91,2025-11-16 12:00:00,generator.g44-1,44,3,20.0,150.0,True,150.0,761.9792235710892
91,2025-11-16 12:00:00,generator.g53-1,53,4,22.0,100.0,True,100.0,761.9792235710892
91,2025-11-16 12:00:00,generator.g50-1,50,5,38.0,80.0,True,80.0,761.9792235710892
91,2025-11-16 12:00:00,generator.g48-1,48,6,16.0,52.0,True,52.0,761.9792235710892
91,2025-11-16 12:00:00,generator.g14-1,14,7,10.0,35.0,True,35.0,761.9792235710892
92,2025-11-16 13:00:00,generator.g28-1,28,1,0.0,150.0,True,150.0,778.7918887112801
92,2025-11-16 13:00:00,generator.g28-2,28,2,0.0,150.0,True,150.0,778.7918887112801
92,2025-11-16 13:00:00,generator.g44-1,44,3,20.0,150.0,True,150.0,778.7918887112801
92,2025-11-16 13:00:00,generator.g53-1,53,4,22.0,100.0,True,100.0,778.7918887112801
92,2025-11-16 13:00:00,generator.g50-1,50,5,38.0,80.0,True,80.0,778.7918887112801
92,2025-11-16 13:00:00,generator.g48-1,48,6,16.0,52.0,True,52.0,778.7918887112801
92,2025-11-16 13:00:00,generator.g14-1,14,7,10.0,35.0,True,35.0,778.7918887112801
93,2025-11-16 14:00:00,generator.g28-1,28,1,0.0,150.0,True,150.0,797.3589189095779
93,2025-11-16 14:00:00,generator.g28-2,28,2,0.0,150.0,True,150.0,797.3589189095779
93,2025-11-16 14:00:00,generator.g44-1,44,3,20.0,150.0,True,150.0,797.3589189095779
93,2025-11-16 14:00:00,generator.g53-1,53,4,22.0,100.0,True,100.0,797.3589189095779
93,2025-11-16 14:00:00,generator.g50-1,50,5,38.0,80.0,True,80.0,797.3589189095779
93,2025-11-16 14:00:00,generator.g48-1,48,6,16.0,52.0,True,52.0,797.3589189095779
93,2025-11-16 14:00:00,generator.g14-1,14,7,10.0,35.0,True,35.0,797.3589189095779
94,2025-11-16 15:00:00,generator.g28-1,28,1,0.0,150.0,True,150.0,831.7152346308377
94,2025-11-16 15:00:00,generator.g28-2,28,2,0.0,150.0,True,150.0,831.7152346308377
94,2025-11-16 15:00:00,generator.g44-1,44,3,20.0,150.0,True,150.0,831.7152346308377
94,2025-11-16 15:00:00,generator.g53-1,53,4,22.0,100.0,True,100.0,831.7152346308377
94,2025-11-16 15:00:00,generator.g50-1,50,5,38.0,80.0,True,80.0,831.7152346308377
94,2025-11-16 15:00:00,generator.g48-1,48,6,16.0,52.0,True,52.0,831.7152346308377
94,2025-11-16 15:00:00,generator.g14-1,14,7,10.0,35.0,True,35.0,831.7152346308377
95,2025-11-16 16:00:00,generator.g28-1,28,1,0.0,150.0,True,150.0,848.9664910355555
95,2025-11-16 16:00:00,generator.g28-2,28,2,0.0,150.0,True,150.0,848.9664910355555
95,2025-11-16 16:00:00,generator.g44-1,44,3,20.0,150.0,True,150.0,848.9664910355555
95,2025-11-16 16:00:00,generator.g53-1,53,4,22.0,100.0,True,100.0,848.9664910355555
95,2025-11-16 16:00:00,generator.g50-1,50,5,38.0,80.0,True,80.0,848.9664910355555
95,2025-11-16 16:00:00,generator.g48-1,48,6,16.0,52.0,True,52.0,848.9664910355555
95,2025-11-16 16:00:00,generator.g14-1,14,7,10.0,35.0,True,35.0,848.9664910355555
96,2025-11-16 17:00:00,generator.g28-1,28,1,0.0,150.0,True,150.0,848.1624070505898
96,2025-11-16 17:00:00,generator.g28-2,28,2,0.0,150.0,True,150.0,848.1624070505898
96,2025-11-16 17:00:00,generator.g44-1,44,3,20.0,150.0,True,150.0,848.1624070505898
96,2025-11-16 17:00:00,generator.g53-1,53,4,22.0,100.0,True,100.0,848.1624070505898
96,2025-11-16 17:00:00,generator.g50-1,50,5,38.0,80.0,True,80.0,848.1624070505898
96,2025-11-16 17:00:00,generator.g48-1,48,6,16.0,52.0,True,52.0,848.1624070505898
96,2025-11-16 17:00:00,generator.g14-1,14,7,10.0,35.0,True,35.0,848.1624070505898
97,2025-11-16 18:00:00,generator.g28-1,28,1,0.0,150.0,True,150.0,846.3349434483952
97,2025-11-16 18:00:00,generator.g28-2,28,2,0.0,150.0,True,150.0,846.3349434483952
97,2025-11-16 18:00:00,generator.g44-1,44,3,20.0,150.0,True,150.0,846.3349434483952
97,2025-11-16 18:00:00,generator.g53-1,53,4,22.0,100.0,True,100.0,846.3349434483952
97,2025-11-16 18:00:00,generator.g50-1,50,5,38.0,80.0,True,80.0,846.3349434483952
97,2025-11-16 18:00:00,generator.g48-1,48,6,16.0,52.0,True,52.0,846.3349434483952
97,2025-11-16 18:00:00,generator.g14-1,14,7,10.0,35.0,True,35.0,846.3349434483952
98,2025-11-16 19:00:00,generator.g28-1,28,1,0.0,150.0,True,150.0,821.1159457381086
98,2025-11-16 19:00:00,generator.g28-2,28,2,0.0,150.0,True,150.0,821.1159457381086
98,2025-11-16 19:00:00,generator.g44-1,44,3,20.0,150.0,True,150.0,821.1159457381086
98,2025-11-16 19:00:00,generator.g53-1,53,4,22.0,100.0,True,100.0,821.1159457381086
98,2025-11-16 19:00:00,generator.g50-1,50,5,38.0,80.0,True,80.0,821.1159457381086
98,2025-11-16 19:00:00,generator.g48-1,48,6,16.0,52.0,True,52.0,821.1159457381086
98,2025-11-16 19:00:00,generator.g14-1,14,7,10.0,35.0,True,35.0,821.1159457381086
99,2025-11-16 20:00:00,generator.g28-1,28,1,0.0,150.0,True,150.0,803.499196612952
99,2025-11-16 20:00:00,generator.g28-2,28,2,0.0,150.0,True,150.0,803.499196612952
99,2025-11-16 20:00:00,generator.g44-1,44,3,20.0,150.0,True,150.0,803.499196612952
99,2025-11-16 20:00:00,generator.g53-1,53,4,22.0,100.0,True,100.0,803.499196612952
99,2025-11-16 20:00:00,generator.g50-1,50,5,38.0,80.0,True,80.0,803.499196612952
99,2025-11-16 20:00:00,generator.g48-1,48,6,16.0,52.0,True,52.0,803.499196612952
99,2025-11-16 20:00:00,generator.g14-1,14,7,10.0,35.0,True,35.0,803.499196612952
100,2025-11-16 21:00:00,generator.g28-1,28,1,0.0,150.0,True,150.0,781.8620275629671
100,2025-11-16 21:00:00,generator.g28-2,28,2,0.0,150.0,True,150.0,781.8620275629671
100,2025-11-16 21:00:00,generator.g44-1,44,3,20.0,150.0,True,150.0,781.8620275629671
100,2025-11-16 21:00:00,generator.g53-1,53,4,22.0,100.0,True,100.0,781.8620275629671
100,2025-11-16 21:00:00,generator.g50-1,50,5,38.0,80.0,True,80.0,781.8620275629671
100,2025-11-16 21:00:00,generator.g48-1,48,6,16.0,52.0,True,52.0,781.8620275629671
100,2025-11-16 21:00:00,generator.g14-1,14,7,10.0,35.0,True,35.0,781.8620275629671
101,2025-11-16 22:00:00,generator.g28-1,28,1,0.0,150.0,True,150.0,769.5083736121312
101,2025-11-16 22:00:00,generator.g28-2,28,2,0.0,150.0,True,150.0,769.5083736121312
101,2025-11-16 22:00:00,generator.g44-1,44,3,20.0,150.0,True,150.0,769.5083736121312
101,2025-11-16 22:00:00,generator.g53-1,53,4,22.0,100.0,True,100.0,769.5083736121312
101,2025-11-16 22:00:00,generator.g50-1,50,5,38.0,80.0,True,80.0,769.5083736121312
101,2025-11-16 22:00:00,generator.g48-1,48,6,16.0,52.0,True,52.0,769.5083736121312
101,2025-11-16 22:00:00,generator.g14-1,14,7,10.0,35.0,True,35.0,769.5083736121312
102,2025-11-16 23:00:00,generator.g28-1,28,1,0.0,150.0,True,150.0,753.6459895450814
102,2025-11-16 23:00:00,generator.g28-2,28,2,0.0,150.0,True,150.0,753.6459895450814
102,2025-11-16 23:00:00,generator.g44-1,44,3,20.0,150.0,True,150.0,753.6459895450814
102,2025-11-16 23:00:00,generator.g53-1,53,4,22.0,100.0,True,100.0,753.6459895450814
102,2025-11-16 23:00:00,generator.g50-1,50,5,38.0,80.0,True,80.0,753.6459895450814
102,2025-11-16 23:00:00,generator.g48-1,48,6,16.0,52.0,True,52.0,753.6459895450814
102,2025-11-16 23:00:00,generator.g14-1,14,7,10.0,35.0,True,35.0,753.6459895450814
103,2025-11-17 00:00:00,generator.g28-1,28,1,0.0,150.0,True,150.0,736.687127316715
103,2025-11-17 00:00:00,generator.g28-2,28,2,0.0,150.0,True,150.0,736.687127316715
103,2025-11-17 00:00:00,generator.g44-1,44,3,20.0,150.0,True,150.0,736.687127316715
103,2025-11-17 00:00:00,generator.g53-1,53,4,22.0,100.0,True,100.0,736.687127316715
103,2025-11-17 00:00:00,generator.g50-1,50,5,38.0,80.0,True,80.0,736.687127316715
103,2025-11-17 00:00:00,generator.g48-1,48,6,16.0,52.0,True,52.0,736.687127316715
103,2025-11-17 00:00:00,generator.g14-1,14,7,10.0,35.0,True,35.0,736.687127316715
104,2025-11-17 01:00:00,generator.g28-1,28,1,0.0,150.0,True,150.0,735.4444520672225
104,2025-11-17 01:00:00,generator.g28-2,28,2,0.0,150.0,True,150.0,735.4444520672225
104,2025-11-17 01:00:00,generator.g44-1,44,3,20.0,150.0,True,150.0,735.4444520672225
104,2025-11-17 01:00:00,generator.g53-1,53,4,22.0,100.0,True,100.0,735.4444520672225
104,2025-11-17 01:00:00,generator.g50-1,50,5,38.0,80.0,True,80.0,735.4444520672225
104,2025-11-17 01:00:00,generator.g48-1,48,6,16.0,52.0,True,52.0,735.4444520672225
104,2025-11-17 01:00:00,generator.g14-1,14,7,10.0,35.0,True,35.0,735.4444520672225
105,2025-11-17 02:00:00,generator.g28-1,28,1,0.0,150.0,True,150.0,732.3743132155355
105,2025-11-17 02:00:00,generator.g28-2,28,2,0.0,150.0,True,150.0,732.3743132155355
105,2025-11-17 02:00:00,generator.g44-1,44,3,20.0,150.0,True,150.0,732.3743132155355
105,2025-11-17 02:00:00,generator.g53-1,53,4,22.0,100.0,True,100.0,732.3743132155355
105,2025-11-17 02:00:00,generator.g50-1,50,5,38.0,80.0,True,80.0,732.3743132155355
105,2025-11-17 02:00:00,generator.g48-1,48,6,16.0,52.0,True,52.0,732.3743132155355
105,2025-11-17 02:00:00,generator.g14-1,14,7,10.0,35.0,True,35.0,732.3743132155355
106,2025-11-17 03:00:00,generator.g28-1,28,1,0.0,150.0,True,150.0,737.8567040221195
106,2025-11-17 03:00:00,generator.g28-2,28,2,0.0,150.0,True,150.0,737.8567040221195
106,2025-11-17 03:00:00,generator.g44-1,44,3,20.0,150.0,True,150.0,737.8567040221195
106,2025-11-17 03:00:00,generator.g53-1,53,4,22.0,100.0,True,100.0,737.8567040221195
106,2025-11-17 03:00:00,generator.g50-1,50,5,38.0,80.0,True,80.0,737.8567040221195
106,2025-11-17 03:00:00,generator.g48-1,48,6,16.0,52.0,True,52.0,737.8567040221195
106,2025-11-17 03:00:00,generator.g14-1,14,7,10.0,35.0,True,35.0,737.8567040221195
107,2025-11-17 04:00:00,generator.g28-1,28,1,0.0,150.0,True,150.0,772.3592168315548
107,2025-11-17 04:00:00,generator.g28-2,28,2,0.0,150.0,True,150.0,772.3592168315548
107,2025-11-17 04:00:00,generator.g44-1,44,3,20.0,150.0,True,150.0,772.3592168315548
107,2025-11-17 04:00:00,generator.g53-1,53,4,22.0,100.0,True,100.0,772.3592168315548
107,2025-11-17 04:00:00,generator.g50-1,50,5,38.0,80.0,True,80.0,772.3592168315548
107,2025-11-17 04:00:00,generator.g48-1,48,6,16.0,52.0,True,52.0,772.3592168315548
107,2025-11-17 04:00:00,generator.g14-1,14,7,10.0,35.0,True,35.0,772.3592168315548
108,2025-11-17 05:00:00,generator.g28-1,28,1,0.0,150.0,True,150.0,849.9898706527844
108,2025-11-17 05:00:00,generator.g28-2,28,2,0.0,150.0,True,150.0,849.9898706527844
108,2025-11-17 05:00:00,generator.g44-1,44,3,20.0,150.0,True,150.0,849.9898706527844
108,2025-11-17 05:00:00,generator.g53-1,53,4,22.0,100.0,True,100.0,849.9898706527844
108,2025-11-17 05:00:00,generator.g50-1,50,5,38.0,80.0,True,80.0,849.9898706527844
108,2025-11-17 05:00:00,generator.g48-1,48,6,16.0,52.0,True,52.0,849.9898706527844
108,2025-11-17 05:00:00,generator.g14-1,14,7,10.0,35.0,True,35.0,849.9898706527844
109,2025-11-17 06:00:00,generator.g28-1,28,1,0.0,150.0,True,150.0,902.1091325873764
109,2025-11-17 06:00:00,generator.g28-2,28,2,0.0,150.0,True,150.0,902.1091325873764
109,2025-11-17 06:00:00,generator.g44-1,44,3,20.0,150.0,True,150.0,902.1091325873764
109,2025-11-17 06:00:00,generator.g53-1,53,4,22.0,100.0,True,100.0,902.1091325873764
109,2025-11-17 06:00:00,generator.g50-1,50,5,38.0,80.0,True,80.0,902.1091325873764
109,2025-11-17 06:00:00,generator.g48-1,48,6,16.0,52.0,True,52.0,902.1091325873764
109,2025-11-17 06:00:00,generator.g14-1,14,7,10.0,35.0,True,35.0,902.1091325873764
110,2025-11-17 07:00:00,generator.g28-1,28,1,0.0,150.0,True,150.0,913.5856040091588
110,2025-11-17 07:00:00,generator.g28-2,28,2,0.0,150.0,True,150.0,913.5856040091588
110,2025-11-17 07:00:00,generator.g44-1,44,3,20.0,150.0,True,150.0,913.5856040091588
110,2025-11-17 07:00:00,generator.g53-1,53,4,22.0,100.0,True,100.0,913.5856040091588
110,2025-11-17 07:00:00,generator.g50-1,50,5,38.0,80.0,True,80.0,913.5856040091588
110,2025-11-17 07:00:00,generator.g48-1,48,6,16.0,52.0,True,52.0,913.5856040091588
110,2025-11-17 07:00:00,generator.g14-1,14,7,10.0,35.0,True,35.0,913.5856040091588
111,2025-11-17 08:00:00,generator.g28-1,28,1,0.0,150.0,True,150.0,915.5592646995292
111,2025-11-17 08:00:00,generator.g28-2,28,2,0.0,150.0,True,150.0,915.5592646995292
111,2025-11-17 08:00:00,generator.g44-1,44,3,20.0,150.0,True,150.0,915.5592646995292
111,2025-11-17 08:00:00,generator.g53-1,53,4,22.0,100.0,True,100.0,915.5592646995292
111,2025-11-17 08:00:00,generator.g50-1,50,5,38.0,80.0,True,80.0,915.5592646995292
111,2025-11-17 08:00:00,generator.g48-1,48,6,16.0,52.0,True,52.0,915.5592646995292
111,2025-11-17 08:00:00,generator.g14-1,14,7,10.0,35.0,True,35.0,915.5592646995292
112,2025-11-17 09:00:00,generator.g28-1,28,1,0.0,150.0,True,150.0,899.2582893679527
112,2025-11-17 09:00:00,generator.g28-2,28,2,0.0,150.0,True,150.0,899.2582893679527
112,2025-11-17 09:00:00,generator.g44-1,44,3,20.0,150.0,True,150.0,899.2582893679527
112,2025-11-17 09:00:00,generator.g53-1,53,4,22.0,100.0,True,100.0,899.2582893679527
112,2025-11-17 09:00:00,generator.g50-1,50,5,38.0,80.0,True,80.0,899.2582893679527
112,2025-11-17 09:00:00,generator.g48-1,48,6,16.0,52.0,True,52.0,899.2582893679527
112,2025-11-17 09:00:00,generator.g14-1,14,7,10.0,35.0,True,35.0,899.2582893679527
113,2025-11-17 10:00:00,generator.g28-1,28,1,0.0,150.0,True,150.0,888.6590004752237
113,2025-11-17 10:00:00,generator.g28-2,28,2,0.0,150.0,True,150.0,888.6590004752237
113,2025-11-17 10:00:00,generator.g44-1,44,3,20.0,150.0,True,150.0,888.6590004752237
113,2025-11-17 10:00:00,generator.g53-1,53,4,22.0,100.0,True,100.0,888.6590004752237
113,2025-11-17 10:00:00,generator.g50-1,50,5,38.0,80.0,True,80.0,888.6590004752237
113,2025-11-17 10:00:00,generator.g48-1,48,6,16.0,52.0,True,52.0,888.6590004752237
113,2025-11-17 10:00:00,generator.g14-1,14,7,10.0,35.0,True,35.0,888.6590004752237
114,2025-11-17 11:00:00,generator.g28-1,28,1,0.0,150.0,True,150.0,878.6444999351969
114,2025-11-17 11:00:00,generator.g28-2,28,2,0.0,150.0,True,150.0,878.6444999351969
114,2025-11-17 11:00:00,generator.g44-1,44,3,20.0,150.0,True,150.0,878.6444999351969
114,2025-11-17 11:00:00,generator.g53-1,53,4,22.0,100.0,True,100.0,878.6444999351969
114,2025-11-17 11:00:00,generator.g50-1,50,5,38.0,80.0,True,80.0,878.6444999351969
114,2025-11-17 11:00:00,generator.g48-1,48,6,16.0,52.0,True,52.0,878.6444999351969
114,2025-11-17 11:00:00,generator.g14-1,14,7,10.0,35.0,True,35.0,878.6444999351969
115,2025-11-17 12:00:00,generator.g28-1,28,1,0.0,150.0,True,150.0,882.3725256836739
115,2025-11-17 12:00:00,generator.g28-2,28,2,0.0,150.0,True,150.0,882.3725256836739
115,2025-11-17 12:00:00,generator.g44-1,44,3,20.0,150.0,True,150.0,882.3725256836739
115,2025-11-17 12:00:00,generator.g53-1,53,4,22.0,100.0,True,100.0,882.3725256836739
115,2025-11-17 12:00:00,generator.g50-1,50,5,38.0,80.0,True,80.0,882.3725256836739
115,2025-11-17 12:00:00,generator.g48-1,48,6,16.0,52.0,True,52.0,882.3725256836739
115,2025-11-17 12:00:00,generator.g14-1,14,7,10.0,35.0,True,35.0,882.3725256836739
116,2025-11-17 13:00:00,generator.g28-1,28,1,0.0,150.0,True,150.0,895.2378694431244
116,2025-11-17 13:00:00,generator.g28-2,28,2,0.0,150.0,True,150.0,895.2378694431244
116,2025-11-17 13:00:00,generator.g44-1,44,3,20.0,150.0,True,150.0,895.2378694431244
116,2025-11-17 13:00:00,generator.g53-1,53,4,22.0,100.0,True,100.0,895.2378694431244
116,2025-11-17 13:00:00,generator.g50-1,50,5,38.0,80.0,True,80.0,895.2378694431244
116,2025-11-17 13:00:00,generator.g48-1,48,6,16.0,52.0,True,52.0,895.2378694431244
116,2025-11-17 13:00:00,generator.g14-1,14,7,10.0,35.0,True,35.0,895.2378694431244
117,2025-11-17 14:00:00,generator.g28-1,28,1,0.0,150.0,True,150.0,915.924757419968
117,2025-11-17 14:00:00,generator.g28-2,28,2,0.0,150.0,True,150.0,915.924757419968
117,2025-11-17 14:00:00,generator.g44-1,44,3,20.0,150.0,True,150.0,915.924757419968
117,2025-11-17 14:00:00,generator.g53-1,53,4,22.0,100.0,True,100.0,915.924757419968
117,2025-11-17 14:00:00,generator.g50-1,50,5,38.0,80.0,True,80.0,915.924757419968
117,2025-11-17 14:00:00,generator.g48-1,48,6,16.0,52.0,True,52.0,915.924757419968
117,2025-11-17 14:00:00,generator.g14-1,14,7,10.0,35.0,True,35.0,915.924757419968
118,2025-11-17 15:00:00,generator.g28-1,28,1,0.0,150.0,True,150.0,939.7548827925865
118,2025-11-17 15:00:00,generator.g28-2,28,2,0.0,150.0,True,150.0,939.7548827925865
118,2025-11-17 15:00:00,generator.g44-1,44,3,20.0,150.0,True,150.0,939.7548827925865
118,2025-11-17 15:00:00,generator.g53-1,53,4,22.0,100.0,True,100.0,939.7548827925865
118,2025-11-17 15:00:00,generator.g50-1,50,5,38.0,80.0,True,80.0,939.7548827925865
118,2025-11-17 15:00:00,generator.g48-1,48,6,16.0,52.0,True,52.0,939.7548827925865
118,2025-11-17 15:00:00,generator.g14-1,14,7,10.0,35.0,True,35.0,939.7548827925865
119,2025-11-17 16:00:00,generator.g28-1,28,1,0.0,150.0,True,150.0,956.786843565041
119,2025-11-17 16:00:00,generator.g28-2,28,2,0.0,150.0,True,150.0,956.786843565041
119,2025-11-17 16:00:00,generator.g44-1,44,3,20.0,150.0,True,150.0,956.786843565041
119,2025-11-17 16:00:00,generator.g53-1,53,4,22.0,100.0,True,100.0,956.786843565041
119,2025-11-17 16:00:00,generator.g50-1,50,5,38.0,80.0,True,80.0,956.786843565041
119,2025-11-17 16:00:00,generator.g48-1,48,6,16.0,52.0,True,52.0,956.786843565041
119,2025-11-17 16:00:00,generator.g14-1,14,7,10.0,35.0,True,35.0,956.786843565041
120,2025-11-17 17:00:00,generator.g28-1,28,1,0.0,150.0,True,150.0,943.7753027174148
120,2025-11-17 17:00:00,generator.g28-2,28,2,0.0,150.0,True,150.0,943.7753027174148
120,2025-11-17 17:00:00,generator.g44-1,44,3,20.0,150.0,True,150.0,943.7753027174148
120,2025-11-17 17:00:00,generator.g53-1,53,4,22.0,100.0,True,100.0,943.7753027174148
120,2025-11-17 17:00:00,generator.g50-1,50,5,38.0,80.0,True,80.0,943.7753027174148
120,2025-11-17 17:00:00,generator.g48-1,48,6,16.0,52.0,True,52.0,943.7753027174148
120,2025-11-17 17:00:00,generator.g14-1,14,7,10.0,35.0,True,35.0,943.7753027174148
121,2025-11-17 18:00:00,generator.g28-1,28,1,0.0,150.0,True,150.0,938.2198133667431
121,2025-11-17 18:00:00,generator.g28-2,28,2,0.0,150.0,True,150.0,938.2198133667431
121,2025-11-17 18:00:00,generator.g44-1,44,3,20.0,150.0,True,150.0,938.2198133667431
121,2025-11-17 18:00:00,generator.g53-1,53,4,22.0,100.0,True,100.0,938.2198133667431
121,2025-11-17 18:00:00,generator.g50-1,50,5,38.0,80.0,True,80.0,938.2198133667431
121,2025-11-17 18:00:00,generator.g48-1,48,6,16.0,52.0,True,52.0,938.2198133667431
121,2025-11-17 18:00:00,generator.g14-1,14,7,10.0,35.0,True,35.0,938.2198133667431
122,2025-11-17 19:00:00,generator.g28-1,28,1,0.0,150.0,True,150.0,924.4041885341512
122,2025-11-17 19:00:00,generator.g28-2,28,2,0.0,150.0,True,150.0,924.4041885341512
122,2025-11-17 19:00:00,generator.g44-1,44,3,20.0,150.0,True,150.0,924.4041885341512
122,2025-11-17 19:00:00,generator.g53-1,53,4,22.0,100.0,True,100.0,924.4041885341512
122,2025-11-17 19:00:00,generator.g50-1,50,5,38.0,80.0,True,80.0,924.4041885341512
122,2025-11-17 19:00:00,generator.g48-1,48,6,16.0,52.0,True,52.0,924.4041885341512
122,2025-11-17 19:00:00,generator.g14-1,14,7,10.0,35.0,True,35.0,924.4041885341512
123,2025-11-17 20:00:00,generator.g28-1,28,1,0.0,150.0,True,150.0,909.3458884520672
123,2025-11-17 20:00:00,generator.g28-2,28,2,0.0,150.0,True,150.0,909.3458884520672
123,2025-11-17 20:00:00,generator.g44-1,44,3,20.0,150.0,True,150.0,909.3458884520672
123,2025-11-17 20:00:00,generator.g53-1,53,4,22.0,100.0,True,100.0,909.3458884520672
123,2025-11-17 20:00:00,generator.g50-1,50,5,38.0,80.0,True,80.0,909.3458884520672
123,2025-11-17 20:00:00,generator.g48-1,48,6,16.0,52.0,True,52.0,909.3458884520672
123,2025-11-17 20:00:00,generator.g14-1,14,7,10.0,35.0,True,35.0,909.3458884520672
124,2025-11-17 21:00:00,generator.g28-1,28,1,0.0,150.0,True,150.0,875.135769818983
124,2025-11-17 21:00:00,generator.g28-2,28,2,0.0,150.0,True,150.0,875.135769818983
124,2025-11-17 21:00:00,generator.g44-1,44,3,20.0,150.0,True,150.0,875.135769818983
124,2025-11-17 21:00:00,generator.g53-1,53,4,22.0,100.0,True,100.0,875.135769818983
124,2025-11-17 21:00:00,generator.g50-1,50,5,38.0,80.0,True,80.0,875.135769818983
124,2025-11-17 21:00:00,generator.g48-1,48,6,16.0,52.0,True,52.0,875.135769818983
124,2025-11-17 21:00:00,generator.g14-1,14,7,10.0,35.0,True,35.0,875.135769818983
125,2025-11-17 22:00:00,generator.g28-1,28,1,0.0,150.0,True,150.0,850.7939546377501
125,2025-11-17 22:00:00,generator.g28-2,28,2,0.0,150.0,True,150.0,850.7939546377501
125,2025-11-17 22:00:00,generator.g44-1,44,3,20.0,150.0,True,150.0,850.7939546377501
125,2025-11-17 22:00:00,generator.g53-1,53,4,22.0,100.0,True,100.0,850.7939546377501
125,2025-11-17 22:00:00,generator.g50-1,50,5,38.0,80.0,True,80.0,850.7939546377501
125,2025-11-17 22:00:00,generator.g48-1,48,6,16.0,52.0,True,52.0,850.7939546377501
125,2025-11-17 22:00:00,generator.g14-1,14,7,10.0,35.0,True,35.0,850.7939546377501
126,2025-11-17 23:00:00,generator.g28-1,28,1,0.0,150.0,True,150.0,801.5986344666696
126,2025-11-17 23:00:00,generator.g28-2,28,2,0.0,150.0,True,150.0,801.5986344666696
126,2025-11-17 23:00:00,generator.g44-1,44,3,20.0,150.0,True,150.0,801.5986344666696
126,2025-11-17 23:00:00,generator.g53-1,53,4,22.0,100.0,True,100.0,801.5986344666696
126,2025-11-17 23:00:00,generator.g50-1,50,5,38.0,80.0,True,80.0,801.5986344666696
126,2025-11-17 23:00:00,generator.g48-1,48,6,16.0,52.0,True,52.0,801.5986344666696
126,2025-11-17 23:00:00,generator.g14-1,14,7,10.0,35.0,True,35.0,801.5986344666696
127,2025-11-18 00:00:00,generator.g28-1,28,1,0.0,150.0,True,150.0,789.6104732362726
127,2025-11-18 00:00:00,generator.g28-2,28,2,0.0,150.0,True,150.0,789.6104732362726
127,2025-11-18 00:00:00,generator.g44-1,44,3,20.0,150.0,True,150.0,789.6104732362726
127,2025-11-18 00:00:00,generator.g53-1,53,4,22.0,100.0,True,100.0,789.6104732362726
127,2025-11-18 00:00:00,generator.g50-1,50,5,38.0,80.0,True,80.0,789.6104732362726
127,2025-11-18 00:00:00,generator.g48-1,48,6,16.0,52.0,True,52.0,789.6104732362726
127,2025-11-18 00:00:00,generator.g14-1,14,7,10.0,35.0,True,35.0,789.6104732362726
128,2025-11-18 01:00:00,generator.g28-1,28,1,0.0,150.0,True,150.0,785.8093489437076
128,2025-11-18 01:00:00,generator.g28-2,28,2,0.0,150.0,True,150.0,785.8093489437076
128,2025-11-18 01:00:00,generator.g44-1,44,3,20.0,150.0,True,150.0,785.8093489437076
128,2025-11-18 01:00:00,generator.g53-1,53,4,22.0,100.0,True,100.0,785.8093489437076
128,2025-11-18 01:00:00,generator.g50-1,50,5,38.0,80.0,True,80.0,785.8093489437076
128,2025-11-18 01:00:00,generator.g48-1,48,6,16.0,52.0,True,52.0,785.8093489437076
128,2025-11-18 01:00:00,generator.g14-1,14,7,10.0,35.0,True,35.0,785.8093489437076
129,2025-11-18 02:00:00,generator.g28-1,28,1,0.0,150.0,True,150.0,780.6193523134748
129,2025-11-18 02:00:00,generator.g28-2,28,2,0.0,150.0,True,150.0,780.6193523134748
129,2025-11-18 02:00:00,generator.g44-1,44,3,20.0,150.0,True,150.0,780.6193523134748
129,2025-11-18 02:00:00,generator.g53-1,53,4,22.0,100.0,True,100.0,780.6193523134748
129,2025-11-18 02:00:00,generator.g50-1,50,5,38.0,80.0,True,80.0,780.6193523134748
129,2025-11-18 02:00:00,generator.g48-1,48,6,16.0,52.0,True,52.0,780.6193523134748
129,2025-11-18 02:00:00,generator.g14-1,14,7,10.0,35.0,True,35.0,780.6193523134748
130,2025-11-18 03:00:00,generator.g28-1,28,1,0.0,150.0,True,150.0,769.7276692443945
130,2025-11-18 03:00:00,generator.g28-2,28,2,0.0,150.0,True,150.0,769.7276692443945
130,2025-11-18 03:00:00,generator.g44-1,44,3,20.0,150.0,True,150.0,769.7276692443945
130,2025-11-18 03:00:00,generator.g53-1,53,4,22.0,100.0,True,100.0,769.7276692443945
130,2025-11-18 03:00:00,generator.g50-1,50,5,38.0,80.0,True,80.0,769.7276692443945
130,2025-11-18 03:00:00,generator.g48-1,48,6,16.0,52.0,True,52.0,769.7276692443945
130,2025-11-18 03:00:00,generator.g14-1,14,7,10.0,35.0,True,35.0,769.7276692443945
131,2025-11-18 04:00:00,generator.g28-1,28,1,0.0,150.0,True,150.0,801.0138461139672
131,2025-11-18 04:00:00,generator.g28-2,28,2,0.0,150.0,True,150.0,801.0138461139672
131,2025-11-18 04:00:00,generator.g44-1,44,3,20.0,150.0,True,150.0,801.0138461139672
131,2025-11-18 04:00:00,generator.g53-1,53,4,22.0,100.0,True,100.0,801.0138461139672
131,2025-11-18 04:00:00,generator.g50-1,50,5,38.0,80.0,True,80.0,801.0138461139672
131,2025-11-18 04:00:00,generator.g48-1,48,6,16.0,52.0,True,52.0,801.0138461139672
131,2025-11-18 04:00:00,generator.g14-1,14,7,10.0,35.0,True,35.0,801.0138461139672
132,2025-11-18 05:00:00,generator.g28-1,28,1,0.0,150.0,True,150.0,878.8637955674601
132,2025-11-18 05:00:00,generator.g28-2,28,2,0.0,150.0,True,150.0,878.8637955674601
132,2025-11-18 05:00:00,generator.g44-1,44,3,20.0,150.0,True,150.0,878.8637955674601
132,2025-11-18 05:00:00,generator.g53-1,53,4,22.0,100.0,True,100.0,878.8637955674601
132,2025-11-18 05:00:00,generator.g50-1,50,5,38.0,80.0,True,80.0,878.8637955674601
132,2025-11-18 05:00:00,generator.g48-1,48,6,16.0,52.0,True,52.0,878.8637955674601
132,2025-11-18 05:00:00,generator.g14-1,14,7,10.0,35.0,True,35.0,878.8637955674601
133,2025-11-18 06:00:00,generator.g28-1,28,1,0.0,150.0,True,150.0,949.9155804207888
133,2025-11-18 06:00:00,generator.g28-2,28,2,0.0,150.0,True,150.0,949.9155804207888
133,2025-11-18 06:00:00,generator.g44-1,44,3,20.0,150.0,True,150.0,949.9155804207888
133,2025-11-18 06:00:00,generator.g53-1,53,4,22.0,100.0,True,100.0,949.9155804207888
133,2025-11-18 06:00:00,generator.g50-1,50,5,38.0,80.0,True,80.0,949.9155804207888
133,2025-11-18 06:00:00,generator.g48-1,48,6,16.0,52.0,True,52.0,949.9155804207888
133,2025-11-18 06:00:00,generator.g14-1,14,7,10.0,35.0,True,35.0,949.9155804207888
134,2025-11-18 07:00:00,generator.g28-1,28,1,0.0,150.0,True,150.0,958.5412086231477
134,2025-11-18 07:00:00,generator.g28-2,28,2,0.0,150.0,True,150.0,958.5412086231477
134,2025-11-18 07:00:00,generator.g44-1,44,3,20.0,150.0,True,150.0,958.5412086231477
134,2025-11-18 07:00:00,generator.g53-1,53,4,22.0,100.0,True,100.0,958.5412086231477
134,2025-11-18 07:00:00,generator.g50-1,50,5,38.0,80.0,True,80.0,958.5412086231477
134,2025-11-18 07:00:00,generator.g48-1,48,6,16.0,52.0,True,52.0,958.5412086231477
134,2025-11-18 07:00:00,generator.g14-1,14,7,10.0,35.0,True,35.0,958.5412086231477
135,2025-11-18 08:00:00,generator.g28-1,28,1,0.0,150.0,True,150.0,957.4447304618309
135,2025-11-18 08:00:00,generator.g28-2,28,2,0.0,150.0,True,150.0,957.4447304618309
135,2025-11-18 08:00:00,generator.g44-1,44,3,20.0,150.0,True,150.0,957.4447304618309
135,2025-11-18 08:00:00,generator.g53-1,53,4,22.0,100.0,True,100.0,957.4447304618309
135,2025-11-18 08:00:00,generator.g50-1,50,5,38.0,80.0,True,80.0,957.4447304618309
135,2025-11-18 08:00:00,generator.g48-1,48,6,16.0,52.0,True,52.0,957.4447304618309
135,2025-11-18 08:00:00,generator.g14-1,14,7,10.0,35.0,True,35.0,957.4447304618309
136,2025-11-18 09:00:00,generator.g28-1,28,1,0.0,150.0,True,150.0,925.9392579599947
136,2025-11-18 09:00:00,generator.g28-2,28,2,0.0,150.0,True,150.0,925.9392579599947
136,2025-11-18 09:00:00,generator.g44-1,44,3,20.0,150.0,True,150.0,925.9392579599947
136,2025-11-18 09:00:00,generator.g53-1,53,4,22.0,100.0,True,100.0,925.9392579599947
136,2025-11-18 09:00:00,generator.g50-1,50,5,38.0,80.0,True,80.0,925.9392579599947
136,2025-11-18 09:00:00,generator.g48-1,48,6,16.0,52.0,True,52.0,925.9392579599947
136,2025-11-18 09:00:00,generator.g14-1,14,7,10.0,35.0,True,35.0,925.9392579599947
137,2025-11-18 10:00:00,generator.g28-1,28,1,0.0,150.0,True,150.0,915.3399690672658
137,2025-11-18 10:00:00,generator.g28-2,28,2,0.0,150.0,True,150.0,915.3399690672658
137,2025-11-18 10:00:00,generator.g44-1,44,3,20.0,150.0,True,150.0,915.3399690672658
137,2025-11-18 10:00:00,generator.g53-1,53,4,22.0,100.0,True,100.0,915.3399690672658
137,2025-11-18 10:00:00,generator.g50-1,50,5,38.0,80.0,True,80.0,915.3399690672658
137,2025-11-18 10:00:00,generator.g48-1,48,6,16.0,52.0,True,52.0,915.3399690672658
137,2025-11-18 10:00:00,generator.g14-1,14,7,10.0,35.0,True,35.0,915.3399690672658
138,2025-11-18 11:00:00,generator.g28-1,28,1,0.0,150.0,True,150.0,900.5740631615329
138,2025-11-18 11:00:00,generator.g28-2,28,2,0.0,150.0,True,150.0,900.5740631615329
138,2025-11-18 11:00:00,generator.g44-1,44,3,20.0,150.0,True,150.0,900.5740631615329
138,2025-11-18 11:00:00,generator.g53-1,53,4,22.0,100.0,True,100.0,900.5740631615329
138,2025-11-18 11:00:00,generator.g50-1,50,5,38.0,80.0,True,80.0,900.5740631615329
138,2025-11-18 11:00:00,generator.g48-1,48,6,16.0,52.0,True,52.0,900.5740631615329
138,2025-11-18 11:00:00,generator.g14-1,14,7,10.0,35.0,True,35.0,900.5740631615329
139,2025-11-18 12:00:00,generator.g28-1,28,1,0.0,150.0,True,150.0,903.4980049250444
139,2025-11-18 12:00:00,generator.g28-2,28,2,0.0,150.0,True,150.0,903.4980049250444
139,2025-11-18 12:00:00,generator.g44-1,44,3,20.0,150.0,True,150.0,903.4980049250444
139,2025-11-18 12:00:00,generator.g53-1,53,4,22.0,100.0,True,100.0,903.4980049250444
139,2025-11-18 12:00:00,generator.g50-1,50,5,38.0,80.0,True,80.0,903.4980049250444
139,2025-11-18 12:00:00,generator.g48-1,48,6,16.0,52.0,True,52.0,903.4980049250444
139,2025-11-18 12:00:00,generator.g14-1,14,7,10.0,35.0,True,35.0,903.4980049250444
140,2025-11-18 13:00:00,generator.g28-1,28,1,0.0,150.0,True,150.0,917.8984181103382
140,2025-11-18 13:00:00,generator.g28-2,28,2,0.0,150.0,True,150.0,917.8984181103382
140,2025-11-18 13:00:00,generator.g44-1,44,3,20.0,150.0,True,150.0,917.8984181103382
140,2025-11-18 13:00:00,generator.g53-1,53,4,22.0,100.0,True,100.0,917.8984181103382
140,2025-11-18 13:00:00,generator.g50-1,50,5,38.0,80.0,True,80.0,917.8984181103382
140,2025-11-18 13:00:00,generator.g48-1,48,6,16.0,52.0,True,52.0,917.8984181103382
140,2025-11-18 13:00:00,generator.g14-1,14,7,10.0,35.0,True,35.0,917.8984181103382
141,2025-11-18 14:00:00,generator.g28-1,28,1,0.0,150.0,True,150.0,942.4595289238346
141,2025-11-18 14:00:00,generator.g28-2,28,2,0.0,150.0,True,150.0,942.4595289238346
141,2025-11-18 14:00:00,generator.g44-1,44,3,20.0,150.0,True,150.0,942.4595289238346
141,2025-11-18 14:00:00,generator.g53-1,53,4,22.0,100.0,True,100.0,942.4595289238346
141,2025-11-18 14:00:00,generator.g50-1,50,5,38.0,80.0,True,80.0,942.4595289238346
141,2025-11-18 14:00:00,generator.g48-1,48,6,16.0,52.0,True,52.0,942.4595289238346
141,2025-11-18 14:00:00,generator.g14-1,14,7,10.0,35.0,True,35.0,942.4595289238346
142,2025-11-18 15:00:00,generator.g28-1,28,1,0.0,150.0,True,150.0,969.6521873244913
142,2025-11-18 15:00:00,generator.g28-2,28,2,0.0,150.0,True,150.0,969.6521873244913
142,2025-11-18 15:00:00,generator.g44-1,44,3,20.0,150.0,True,150.0,969.6521873244913
142,2025-11-18 15:00:00,generator.g53-1,53,4,22.0,100.0,True,100.0,969.6521873244913
142,2025-11-18 15:00:00,generator.g50-1,50,5,38.0,80.0,True,80.0,969.6521873244913
142,2025-11-18 15:00:00,generator.g48-1,48,6,16.0,52.0,True,52.0,969.6521873244913
142,2025-11-18 15:00:00,generator.g14-1,14,7,10.0,35.0,True,35.0,969.6521873244913
143,2025-11-18 16:00:00,generator.g28-1,28,1,0.0,150.0,True,150.0,992.3858345357929
143,2025-11-18 16:00:00,generator.g28-2,28,2,0.0,150.0,True,150.0,992.3858345357929
143,2025-11-18 16:00:00,generator.g44-1,44,3,20.0,150.0,True,150.0,992.3858345357929
143,2025-11-18 16:00:00,generator.g53-1,53,4,22.0,100.0,True,100.0,992.3858345357929
143,2025-11-18 16:00:00,generator.g50-1,50,5,38.0,80.0,True,80.0,992.3858345357929
143,2025-11-18 16:00:00,generator.g48-1,48,6,16.0,52.0,True,52.0,992.3858345357929
143,2025-11-18 16:00:00,generator.g14-1,14,7,10.0,35.0,True,35.0,992.3858345357929
144,2025-11-18 17:00:00,generator.g28-1,28,1,0.0,150.0,True,150.0,984.2718961420487
144,2025-11-18 17:00:00,generator.g28-2,28,2,0.0,150.0,True,150.0,984.2718961420487
144,2025-11-18 17:00:00,generator.g44-1,44,3,20.0,150.0,True,150.0,984.2718961420487
144,2025-11-18 17:00:00,generator.g53-1,53,4,22.0,100.0,True,100.0,984.2718961420487
144,2025-11-18 17:00:00,generator.g50-1,50,5,38.0,80.0,True,80.0,984.2718961420487
144,2025-11-18 17:00:00,generator.g48-1,48,6,16.0,52.0,True,52.0,984.2718961420487
144,2025-11-18 17:00:00,generator.g14-1,14,7,10.0,35.0,True,35.0,984.2718961420487
145,2025-11-18 18:00:00,generator.g28-1,28,1,0.0,150.0,True,150.0,967.0937382814188
145,2025-11-18 18:00:00,generator.g28-2,28,2,0.0,150.0,True,150.0,967.0937382814188
145,2025-11-18 18:00:00,generator.g44-1,44,3,20.0,150.0,True,150.0,967.0937382814188
145,2025-11-18 18:00:00,generator.g53-1,53,4,22.0,100.0,True,100.0,967.0937382814188
145,2025-11-18 18:00:00,generator.g50-1,50,5,38.0,80.0,True,80.0,967.0937382814188
145,2025-11-18 18:00:00,generator.g48-1,48,6,16.0,52.0,True,52.0,967.0937382814188
145,2025-11-18 18:00:00,generator.g14-1,14,7,10.0,35.0,True,35.0,967.0937382814188
146,2025-11-18 19:00:00,generator.g28-1,28,1,0.0,150.0,True,150.0,953.7898032574416
146,2025-11-18 19:00:00,generator.g28-2,28,2,0.0,150.0,True,150.0,953.7898032574416
146,2025-11-18 19:00:00,generator.g44-1,44,3,20.0,150.0,True,150.0,953.7898032574416
146,2025-11-18 19:00:00,generator.g53-1,53,4,22.0,100.0,True,100.0,953.7898032574416
146,2025-11-18 19:00:00,generator.g50-1,50,5,38.0,80.0,True,80.0,953.7898032574416
146,2025-11-18 19:00:00,generator.g48-1,48,6,16.0,52.0,True,52.0,953.7898032574416
146,2025-11-18 19:00:00,generator.g14-1,14,7,10.0,35.0,True,35.0,953.7898032574416
147,2025-11-18 20:00:00,generator.g28-1,28,1,0.0,150.0,True,150.0,926.5240463126972
147,2025-11-18 20:00:00,generator.g28-2,28,2,0.0,150.0,True,150.0,926.5240463126972
147,2025-11-18 20:00:00,generator.g44-1,44,3,20.0,150.0,True,150.0,926.5240463126972
147,2025-11-18 20:00:00,generator.g53-1,53,4,22.0,100.0,True,100.0,926.5240463126972
147,2025-11-18 20:00:00,generator.g50-1,50,5,38.0,80.0,True,80.0,926.5240463126972
147,2025-11-18 20:00:00,generator.g48-1,48,6,16.0,52.0,True,52.0,926.5240463126972
147,2025-11-18 20:00:00,generator.g14-1,14,7,10.0,35.0,True,35.0,926.5240463126972
148,2025-11-18 21:00:00,generator.g28-1,28,1,0.0,150.0,True,150.0,884.784777638571
148,2025-11-18 21:00:00,generator.g28-2,28,2,0.0,150.0,True,150.0,884.784777638571
148,2025-11-18 21:00:00,generator.g44-1,44,3,20.0,150.0,True,150.0,884.784777638571
148,2025-11-18 21:00:00,generator.g53-1,53,4,22.0,100.0,True,100.0,884.784777638571
148,2025-11-18 21:00:00,generator.g50-1,50,5,38.0,80.0,True,80.0,884.784777638571
148,2025-11-18 21:00:00,generator.g48-1,48,6,16.0,52.0,True,52.0,884.784777638571
148,2025-11-18 21:00:00,generator.g14-1,14,7,10.0,35.0,True,35.0,884.784777638571
149,2025-11-18 22:00:00,generator.g28-1,28,1,0.0,150.0,True,150.0,860.5160610014257
149,2025-11-18 22:00:00,generator.g28-2,28,2,0.0,150.0,True,150.0,860.5160610014257
149,2025-11-18 22:00:00,generator.g44-1,44,3,20.0,150.0,True,150.0,860.5160610014257
149,2025-11-18 22:00:00,generator.g53-1,53,4,22.0,100.0,True,100.0,860.5160610014257
149,2025-11-18 22:00:00,generator.g50-1,50,5,38.0,80.0,True,80.0,860.5160610014257
149,2025-11-18 22:00:00,generator.g48-1,48,6,16.0,52.0,True,52.0,860.5160610014257
149,2025-11-18 22:00:00,generator.g14-1,14,7,10.0,35.0,True,35.0,860.5160610014257
150,2025-11-18 23:00:00,generator.g28-1,28,1,0.0,150.0,True,150.0,824.0398875016201
150,2025-11-18 23:00:00,generator.g28-2,28,2,0.0,150.0,True,150.0,824.0398875016201
150,2025-11-18 23:00:00,generator.g44-1,44,3,20.0,150.0,True,150.0,824.0398875016201
150,2025-11-18 23:00:00,generator.g53-1,53,4,22.0,100.0,True,100.0,824.0398875016201
150,2025-11-18 23:00:00,generator.g50-1,50,5,38.0,80.0,True,80.0,824.0398875016201
150,2025-11-18 23:00:00,generator.g48-1,48,6,16.0,52.0,True,52.0,824.0398875016201
150,2025-11-18 23:00:00,generator.g14-1,14,7,10.0,35.0,True,35.0,824.0398875016201
151,2025-11-19 00:00:00,generator.g28-1,28,1,0.0,150.0,True,150.0,815.7066534756125
151,2025-11-19 00:00:00,generator.g28-2,28,2,0.0,150.0,True,150.0,815.7066534756125
151,2025-11-19 00:00:00,generator.g44-1,44,3,20.0,150.0,True,150.0,815.7066534756125
151,2025-11-19 00:00:00,generator.g53-1,53,4,22.0,100.0,True,100.0,815.7066534756125
151,2025-11-19 00:00:00,generator.g50-1,50,5,38.0,80.0,True,80.0,815.7066534756125
151,2025-11-19 00:00:00,generator.g48-1,48,6,16.0,52.0,True,52.0,815.7066534756125
151,2025-11-19 00:00:00,generator.g14-1,14,7,10.0,35.0,True,35.0,815.7066534756125
152,2025-11-19 01:00:00,generator.g28-1,28,1,0.0,150.0,True,150.0,814.7563724024711
152,2025-11-19 01:00:00,generator.g28-2,28,2,0.0,150.0,True,150.0,814.7563724024711
152,2025-11-19 01:00:00,generator.g44-1,44,3,20.0,150.0,True,150.0,814.7563724024711
152,2025-11-19 01:00:00,generator.g53-1,53,4,22.0,100.0,True,100.0,814.7563724024711
152,2025-11-19 01:00:00,generator.g50-1,50,5,38.0,80.0,True,80.0,814.7563724024711
152,2025-11-19 01:00:00,generator.g48-1,48,6,16.0,52.0,True,52.0,814.7563724024711
152,2025-11-19 01:00:00,generator.g14-1,14,7,10.0,35.0,True,35.0,814.7563724024711
153,2025-11-19 02:00:00,generator.g28-1,28,1,0.0,150.0,True,150.0,819.2153835918261
153,2025-11-19 02:00:00,generator.g28-2,28,2,0.0,150.0,True,150.0,819.2153835918261
153,2025-11-19 02:00:00,generator.g44-1,44,3,20.0,150.0,True,150.0,819.2153835918261
153,2025-11-19 02:00:00,generator.g53-1,53,4,22.0,100.0,True,100.0,819.2153835918261
153,2025-11-19 02:00:00,generator.g50-1,50,5,38.0,80.0,True,80.0,819.2153835918261
153,2025-11-19 02:00:00,generator.g48-1,48,6,16.0,52.0,True,52.0,819.2153835918261
153,2025-11-19 02:00:00,generator.g14-1,14,7,10.0,35.0,True,35.0,819.2153835918261
154,2025-11-19 03:00:00,generator.g28-1,28,1,0.0,150.0,True,150.0,815.1218651229102
154,2025-11-19 03:00:00,generator.g28-2,28,2,0.0,150.0,True,150.0,815.1218651229102
154,2025-11-19 03:00:00,generator.g44-1,44,3,20.0,150.0,True,150.0,815.1218651229102
154,2025-11-19 03:00:00,generator.g53-1,53,4,22.0,100.0,True,100.0,815.1218651229102
154,2025-11-19 03:00:00,generator.g50-1,50,5,38.0,80.0,True,80.0,815.1218651229102
154,2025-11-19 03:00:00,generator.g48-1,48,6,16.0,52.0,True,52.0,815.1218651229102
154,2025-11-19 03:00:00,generator.g14-1,14,7,10.0,35.0,True,35.0,815.1218651229102
155,2025-11-19 04:00:00,generator.g28-1,28,1,0.0,150.0,True,150.0,839.8291730245821
155,2025-11-19 04:00:00,generator.g28-2,28,2,0.0,150.0,True,150.0,839.8291730245821
155,2025-11-19 04:00:00,generator.g44-1,44,3,20.0,150.0,True,150.0,839.8291730245821
155,2025-11-19 04:00:00,generator.g53-1,53,4,22.0,100.0,True,100.0,839.8291730245821
155,2025-11-19 04:00:00,generator.g50-1,50,5,38.0,80.0,True,80.0,839.8291730245821
155,2025-11-19 04:00:00,generator.g48-1,48,6,16.0,52.0,True,52.0,839.8291730245821
155,2025-11-19 04:00:00,generator.g14-1,14,7,10.0,35.0,True,35.0,839.8291730245821
156,2025-11-19 05:00:00,generator.g28-1,28,1,0.0,150.0,True,150.0,912.9277171123689
156,2025-11-19 05:00:00,generator.g28-2,28,2,0.0,150.0,True,150.0,912.9277171123689
156,2025-11-19 05:00:00,generator.g44-1,44,3,20.0,150.0,True,150.0,912.9277171123689
156,2025-11-19 05:00:00,generator.g53-1,53,4,22.0,100.0,True,100.0,912.9277171123689
156,2025-11-19 05:00:00,generator.g50-1,50,5,38.0,80.0,True,80.0,912.9277171123689
156,2025-11-19 05:00:00,generator.g48-1,48,6,16.0,52.0,True,52.0,912.9277171123689
156,2025-11-19 05:00:00,generator.g14-1,14,7,10.0,35.0,True,35.0,912.9277171123689
157,2025-11-19 06:00:00,generator.g28-1,28,1,0.0,150.0,True,150.0,980.2514762172204
157,2025-11-19 06:00:00,generator.g28-2,28,2,0.0,150.0,True,150.0,980.2514762172204
157,2025-11-19 06:00:00,generator.g44-1,44,3,20.0,150.0,True,150.0,980.2514762172204
157,2025-11-19 06:00:00,generator.g53-1,53,4,22.0,100.0,True,100.0,980.2514762172204
157,2025-11-19 06:00:00,generator.g50-1,50,5,38.0,80.0,True,80.0,980.2514762172204
157,2025-11-19 06:00:00,generator.g48-1,48,6,16.0,52.0,True,52.0,980.2514762172204
157,2025-11-19 06:00:00,generator.g14-1,14,7,10.0,35.0,True,35.0,980.2514762172204
158,2025-11-19 07:00:00,generator.g28-1,28,1,0.0,150.0,True,150.0,985.9531626560678
158,2025-11-19 07:00:00,generator.g28-2,28,2,0.0,150.0,True,150.0,985.9531626560678
158,2025-11-19 07:00:00,generator.g44-1,44,3,20.0,150.0,True,150.0,985.9531626560678
158,2025-11-19 07:00:00,generator.g53-1,53,4,22.0,100.0,True,100.0,985.9531626560678
158,2025-11-19 07:00:00,generator.g50-1,50,5,38.0,80.0,True,80.0,985.9531626560678
158,2025-11-19 07:00:00,generator.g48-1,48,6,16.0,52.0,True,52.0,985.9531626560678
158,2025-11-19 07:00:00,generator.g14-1,14,7,10.0,35.0,True,35.0,985.9531626560678
159,2025-11-19 08:00:00,generator.g28-1,28,1,0.0,150.0,True,150.0,985.0759801270144
159,2025-11-19 08:00:00,generator.g28-2,28,2,0.0,150.0,True,150.0,985.0759801270144
159,2025-11-19 08:00:00,generator.g44-1,44,3,20.0,150.0,True,150.0,985.0759801270144
159,2025-11-19 08:00:00,generator.g53-1,53,4,22.0,100.0,True,100.0,985.0759801270144
159,2025-11-19 08:00:00,generator.g50-1,50,5,38.0,80.0,True,80.0,985.0759801270144
159,2025-11-19 08:00:00,generator.g48-1,48,6,16.0,52.0,True,52.0,985.0759801270144
159,2025-11-19 08:00:00,generator.g14-1,14,7,10.0,35.0,True,35.0,985.0759801270144
160,2025-11-19 09:00:00,generator.g28-1,28,1,0.0,150.0,True,150.0,972.7954247202662
160,2025-11-19 09:00:00,generator.g28-2,28,2,0.0,150.0,True,150.0,972.7954247202662
160,2025-11-19 09:00:00,generator.g44-1,44,3,20.0,150.0,True,150.0,972.7954247202662
160,2025-11-19 09:00:00,generator.g53-1,53,4,22.0,100.0,True,100.0,972.7954247202662
160,2025-11-19 09:00:00,generator.g50-1,50,5,38.0,80.0,True,80.0,972.7954247202662
160,2025-11-19 09:00:00,generator.g48-1,48,6,16.0,52.0,True,52.0,972.7954247202662
160,2025-11-19 09:00:00,generator.g14-1,14,7,10.0,35.0,True,35.0,972.7954247202662
161,2025-11-19 10:00:00,generator.g28-1,28,1,0.0,150.0,True,150.0,967.0937382814188
161,2025-11-19 10:00:00,generator.g28-2,28,2,0.0,150.0,True,150.0,967.0937382814188
161,2025-11-19 10:00:00,generator.g44-1,44,3,20.0,150.0,True,150.0,967.0937382814188
161,2025-11-19 10:00:00,generator.g53-1,53,4,22.0,100.0,True,100.0,967.0937382814188
161,2025-11-19 10:00:00,generator.g50-1,50,5,38.0,80.0,True,80.0,967.0937382814188
161,2025-11-19 10:00:00,generator.g48-1,48,6,16.0,52.0,True,52.0,967.0937382814188
161,2025-11-19 10:00:00,generator.g14-1,14,7,10.0,35.0,True,35.0,967.0937382814188
162,2025-11-19 11:00:00,generator.g28-1,28,1,0.0,150.0,True,150.0,966.2165557523654
162,2025-11-19 11:00:00,generator.g28-2,28,2,0.0,150.0,True,150.0,966.2165557523654
162,2025-11-19 11:00:00,generator.g44-1,44,3,20.0,150.0,True,150.0,966.2165557523654
162,2025-11-19 11:00:00,generator.g53-1,53,4,22.0,100.0,True,100.0,966.2165557523654
162,2025-11-19 11:00:00,generator.g50-1,50,5,38.0,80.0,True,80.0,966.2165557523654
162,2025-11-19 11:00:00,generator.g48-1,48,6,16.0,52.0,True,52.0,966.2165557523654
162,2025-11-19 11:00:00,generator.g14-1,14,7,10.0,35.0,True,35.0,966.2165557523654
163,2025-11-19 12:00:00,generator.g28-1,28,1,0.0,150.0,True,150.0,958.9797998876745
163,2025-11-19 12:00:00,generator.g28-2,28,2,0.0,150.0,True,150.0,958.9797998876745
163,2025-11-19 12:00:00,generator.g44-1,44,3,20.0,150.0,True,150.0,958.9797998876745
163,2025-11-19 12:00:00,generator.g53-1,53,4,22.0,100.0,True,100.0,958.9797998876745
163,2025-11-19 12:00:00,generator.g50-1,50,5,38.0,80.0,True,80.0,958.9797998876745
163,2025-11-19 12:00:00,generator.g48-1,48,6,16.0,52.0,True,52.0,958.9797998876745
163,2025-11-19 12:00:00,generator.g14-1,14,7,10.0,35.0,True,35.0,958.9797998876745
164,2025-11-19 13:00:00,generator.g28-1,28,1,0.0,150.0,True,150.0,956.3482523005142
164,2025-11-19 13:00:00,generator.g28-2,28,2,0.0,150.0,True,150.0,956.3482523005142
164,2025-11-19 13:00:00,generator.g44-1,44,3,20.0,150.0,True,150.0,956.3482523005142
164,2025-11-19 13:00:00,generator.g53-1,53,4,22.0,100.0,True,100.0,956.3482523005142
164,2025-11-19 13:00:00,generator.g50-1,50,5,38.0,80.0,True,80.0,956.3482523005142
164,2025-11-19 13:00:00,generator.g48-1,48,6,16.0,52.0,True,52.0,956.3482523005142
164,2025-11-19 13:00:00,generator.g14-1,14,7,10.0,35.0,True,35.0,956.3482523005142
165,2025-11-19 14:00:00,generator.g28-1,28,1,0.0,150.0,True,150.0,967.6054280900333
165,2025-11-19 14:00:00,generator.g28-2,28,2,0.0,150.0,True,150.0,967.6054280900333
165,2025-11-19 14:00:00,generator.g44-1,44,3,20.0,150.0,True,150.0,967.6054280900333
165,2025-11-19 14:00:00,generator.g53-1,53,4,22.0,100.0,True,100.0,967.6054280900333
165,2025-11-19 14:00:00,generator.g50-1,50,5,38.0,80.0,True,80.0,967.6054280900333
165,2025-11-19 14:00:00,generator.g48-1,48,6,16.0,52.0,True,52.0,967.6054280900333
165,2025-11-19 14:00:00,generator.g14-1,14,7,10.0,35.0,True,35.0,967.6054280900333
166,2025-11-19 15:00:00,generator.g28-1,28,1,0.0,150.0,True,150.0,981.8596441871516
166,2025-11-19 15:00:00,generator.g28-2,28,2,0.0,150.0,True,150.0,981.8596441871516
166,2025-11-19 15:00:00,generator.g44-1,44,3,20.0,150.0,True,150.0,981.8596441871516
166,2025-11-19 15:00:00,generator.g53-1,53,4,22.0,100.0,True,100.0,981.8596441871516
166,2025-11-19 15:00:00,generator.g50-1,50,5,38.0,80.0,True,80.0,981.8596441871516
166,2025-11-19 15:00:00,generator.g48-1,48,6,16.0,52.0,True,52.0,981.8596441871516
166,2025-11-19 15:00:00,generator.g14-1,14,7,10.0,35.0,True,35.0,981.8596441871516
167,2025-11-19 16:00:00,generator.g28-1,28,1,0.0,150.0,True,150.0,996.186958828358
167,2025-11-19 16:00:00,generator.g28-2,28,2,0.0,150.0,True,150.0,996.186958828358
167,2025-11-19 16:00:00,generator.g44-1,44,3,20.0,150.0,True,150.0,996.186958828358
167,2025-11-19 16:00:00,generator.g53-1,53,4,22.0,100.0,True,100.0,996.186958828358
167,2025-11-19 16:00:00,generator.g50-1,50,5,38.0,80.0,True,80.0,996.186958828358
167,2025-11-19 16:00:00,generator.g48-1,48,6,16.0,52.0,True,52.0,996.186958828358
167,2025-11-19 16:00:00,generator.g14-1,14,7,10.0,35.0,True,35.0,996.186958828358
