hour_index,timestamp,se3_mw,load_scale
0,2025-11-12 17:00:00,10935.0,0.9920724067913769
1,2025-11-12 18:00:00,10565.0,0.958504341815354
2,2025-11-12 19:00:00,10197.0,0.9251177258392016
3,2025-11-12 20:00:00,9580.0,0.8691407093791852
4,2025-11-12 21:00:00,9095.0,0.8251393269106148
5,2025-11-12 22:00:00,8620.0,0.7820451894413963
6,2025-11-12 23:00:00,8527.0,0.773607810947423
7,2025-11-13 00:00:00,8101.0,0.7349591739750292
8,2025-11-13 01:00:00,7888.0,0.7156348554888322
9,2025-11-13 02:00:00,7754.0,0.7034777724975159
10,2025-11-13 03:00:00,7848.0,0.7120058754914244
11,2025-11-13 04:00:00,8148.0,0.7392232254719834
12,2025-11-13 05:00:00,9186.0,0.8333952564047177
13,2025-11-13 06:00:00,9826.0,0.8914589363632436
14,2025-11-13 07:00:00,9864.0,0.894906467360781
15,2025-11-13 08:00:00,10073.0,0.9138678878472373
16,2025-11-13 09:00:00,10455.0,0.9485246468224824
17,2025-11-13 10:00:00,10783.0,0.978282282801227
18,2025-11-13 11:00:00,10890.0,0.987989804294293
19,2025-11-13 12:00:00,10932.0,0.9918002332915713
20,2025-11-13 13:00:00,10924.0,0.9910744372920897
21,2025-11-13 14:00:00,10986.0,0.9966993562880719
22,2025-11-13 15:00:00,11209.0,1.0169309197736207
23,2025-11-13 16:00:00,11004.0,0.9983323972869055
24,2025-11-13 17:00:00,11071.0,1.0044109387825637
25,2025-11-13 18:00:00,11132.0,1.0099451332786107
26,2025-11-13 19:00:00,10869.0,0.9860845897956538
27,2025-11-13 20:00:00,10446.0,0.9477081263230657
28,2025-11-13 21:00:00,10078.0,0.9143215103469132
29,2025-11-13 22:00:00,9636.0,0.8742212813755562
30,2025-11-13 23:00:00,9483.0,0.8603404328854711
31,2025-11-14 00:00:00,9478.0,0.8598868103857952
32,2025-11-14 01:00:00,9433.0,0.8558042078887113
33,2025-11-14 02:00:00,9381.0,0.851086533892081
34,2025-11-14 03:00:00,9459.0,0.8581630448870264
35,2025-11-14 04:00:00,9817.0,0.8906424158638269
36,2025-11-14 05:00:00,10872.0,0.9863567632954595
37,2025-11-14 06:00:00,11735.0,1.0646520067395342
38,2025-11-14 07:00:00,11867.0,1.0766276407309803
39,2025-11-14 08:00:00,11816.0,1.0720006912342852
40,2025-11-14 09:00:00,11584.0,1.0509526072493196
41,2025-11-14 10:00:00,11270.0,1.0224651142696677
42,2025-11-14 11:00:00,11140.0,1.0106709292780922
43,2025-11-14 12:00:00,10954.0,0.9937961722901456
44,2025-11-14 13:00:00,11140.0,1.0106709292780922
45,2025-11-14 14:00:00,11278.0,1.0231909102691494
46,2025-11-14 15:00:00,11499.0,1.0432410247548278
47,2025-11-14 16:00:00,11630.0,1.0551259342463386
48,2025-11-14 17:00:00,11459.0,1.03961204475742
49,2025-11-14 18:00:00,11213.0,1.0172938177733615
50,2025-11-14 19:00:00,10804.0,0.9801874972998661
51,2025-11-14 20:00:00,10629.0,0.9643107098112066
52,2025-11-14 21:00:00,10378.0,0.9415388603274722
53,2025-11-14 22:00:00,10157.0,0.9214887458417937
54,2025-11-14 23:00:00,9681.0,0.8783038838726401
55,2025-11-15 00:00:00,9539.0,0.8654210048818421
56,2025-11-15 01:00:00,9499.0,0.8617920248844343
57,2025-11-15 02:00:00,9438.0,0.8562578303883873
58,2025-11-15 03:00:00,9618.0,0.8725882403767227
59,2025-11-15 04:00:00,9774.0,0.8867412623666134
60,2025-11-15 05:00:00,10073.0,0.9138678878472373
61,2025-11-15 06:00:00,10539.0,0.956145504817039
62,2025-11-15 07:00:00,10800.0,0.9798245993001253
63,2025-11-15 08:00:00,10750.0,0.9752883743033655
64,2025-11-15 09:00:00,10637.0,0.9650365058106882
65,2025-11-15 10:00:00,10386.0,0.9422646563269538
66,2025-11-15 11:00:00,10309.0,0.9352788698319436
67,2025-11-15 12:00:00,10326.0,0.936821186330842
68,2025-11-15 13:00:00,10287.0,0.9332829308333693
69,2025-11-15 14:00:00,10745.0,0.9748347518036895
70,2025-11-15 15:00:00,11277.0,1.0231001857692141
71,2025-11-15 16:00:00,11364.0,1.0309932172635763
72,2025-11-15 17:00:00,11181.0,1.0143906337754354
73,2025-11-15 18:00:00,10805.0,0.9802782217998013
74,2025-11-15 19:00:00,10432.0,0.9464379833239729
75,2025-11-15 20:00:00,9993.0,0.9066099278524214
76,2025-11-15 21:00:00,9606.0,0.8714995463775004
77,2025-11-15 22:00:00,9267.0,0.8407439408994686
78,2025-11-15 23:00:00,9196.0,0.8343025014040697
79,2025-11-16 00:00:00,9097.0,0.8253207759104851
80,2025-11-16 01:00:00,9124.0,0.8277703374087355
81,2025-11-16 02:00:00,9150.0,0.8301291744070506
82,2025-11-16 03:00:00,9000.0,0.8165204994167711
83,2025-11-16 04:00:00,8934.0,0.8105326824210481
84,2025-11-16 05:00:00,9119.0,0.8273167149090594
85,2025-11-16 06:00:00,9443.0,0.8567114528880633
86,2025-11-16 07:00:00,9923.0,0.9002592128569578
87,2025-11-16 08:00:00,10127.0,0.9187670108437379
88,2025-11-16 09:00:00,10204.0,0.925752797338748
89,2025-11-16 10:00:00,10322.0,0.9364582883311012
90,2025-11-16 11:00:00,10344.0,0.9384542273296755
91,2025-11-16 12:00:00,10424.0,0.9457121873244912
92,2025-11-16 13:00:00,10654.0,0.9665788223095866
93,2025-11-16 14:00:00,10908.0,0.9896228452931265
94,2025-11-16 15:00:00,11378.0,1.032263360262669
95,2025-11-16 16:00:00,11614.0,1.0536743422473756
96,2025-11-16 17:00:00,11603.0,1.0526763727480883
97,2025-11-16 18:00:00,11578.0,1.0504082602497085
98,2025-11-16 19:00:00,11233.0,1.0191083077720655
99,2025-11-16 20:00:00,10992.0,0.9972437032876831
100,2025-11-16 21:00:00,10696.0,0.9703892513068648
101,2025-11-16 22:00:00,10527.0,0.9550568108178166
102,2025-11-16 23:00:00,10310.0,0.9353695943318788
103,2025-11-17 00:00:00,10078.0,0.9143215103469132
104,2025-11-17 01:00:00,10061.0,0.9127791938480149
105,2025-11-17 02:00:00,10019.0,0.9089687648507366
106,2025-11-17 03:00:00,10094.0,0.9157731023458764
107,2025-11-17 04:00:00,10566.0,0.9585950663152892
108,2025-11-17 05:00:00,11628.0,1.0549444852464682
109,2025-11-17 06:00:00,12341.0,1.1196310537002636
110,2025-11-17 07:00:00,12498.0,1.1338748001900893
111,2025-11-17 08:00:00,12525.0,1.1363243616883398
112,2025-11-17 09:00:00,12302.0,1.1160927982027908
113,2025-11-17 10:00:00,12157.0,1.1029377457121874
114,2025-11-17 11:00:00,12020.0,1.0905084892210655
115,2025-11-17 12:00:00,12071.0,1.0951354387177603
116,2025-11-17 13:00:00,12247.0,1.111102950706355
117,2025-11-17 14:00:00,12530.0,1.1367779841880157
118,2025-11-17 15:00:00,12856.0,1.1663541711668899
119,2025-11-17 16:00:00,13089.0,1.1874929796517908
120,2025-11-17 17:00:00,12911.0,1.1713440186633257
121,2025-11-17 18:00:00,12835.0,1.1644489566682508
122,2025-11-17 19:00:00,12646.0,1.1473020261804985
123,2025-11-17 20:00:00,12440.0,1.128612779193848
124,2025-11-17 21:00:00,11972.0,1.0861537132241759
125,2025-11-17 22:00:00,11639.0,1.0559424547457554
126,2025-11-17 23:00:00,10966.0,0.994884866289368
127,2025-11-18 00:00:00,10802.0,0.9800060482999957
128,2025-11-18 01:00:00,10750.0,0.9752883743033655
129,2025-11-18 02:00:00,10679.0,0.9688469348079665
130,2025-11-18 03:00:00,10530.0,0.9553289843176221
131,2025-11-18 04:00:00,10958.0,0.9941590702898864
132,2025-11-18 05:00:00,12023.0,1.090780662720871
133,2025-11-18 06:00:00,12995.0,1.1789648766578822
134,2025-11-18 07:00:00,13113.0,1.1896703676502354
135,2025-11-18 08:00:00,13098.0,1.1883095001512074
136,2025-11-18 09:00:00,12667.0,1.1492072406791376
137,2025-11-18 10:00:00,12522.0,1.1360521881885342
138,2025-11-18 11:00:00,12320.0,1.1177258392016245
139,2025-11-18 12:00:00,12360.0,1.1213548191990323
140,2025-11-18 13:00:00,12557.0,1.139227545686266
141,2025-11-18 14:00:00,12893.0,1.169710977664492
142,2025-11-18 15:00:00,13265.0,1.2034604916403853
143,2025-11-18 16:00:00,13576.0,1.2316758111202315
144,2025-11-18 17:00:00,13465.0,1.2216053916274248
145,2025-11-18 18:00:00,13230.0,1.2002851341426535
146,2025-11-18 19:00:00,13048.0,1.1837732751544476
147,2025-11-18 20:00:00,12675.0,1.1499330366786193
148,2025-11-18 21:00:00,12104.0,1.098129347215622
149,2025-11-18 22:00:00,11772.0,1.0680088132371366
150,2025-11-18 23:00:00,11273.0,1.0227372877694734
151,2025-11-19 00:00:00,11159.0,1.012394694776861
152,2025-11-19 01:00:00,11146.0,1.0112152762777034
153,2025-11-19 02:00:00,11207.0,1.0167494707737503
154,2025-11-19 03:00:00,11151.0,1.0116688987773794
155,2025-11-19 04:00:00,11489.0,1.042333779755476
156,2025-11-19 05:00:00,12489.0,1.1330582796906727
157,2025-11-19 06:00:00,13410.0,1.216615544130989
158,2025-11-19 07:00:00,13488.0,1.2236920551259343
159,2025-11-19 08:00:00,13476.0,1.222603361126712
160,2025-11-19 09:00:00,13308.0,1.2073616451375988
161,2025-11-19 10:00:00,13230.0,1.2002851341426535
162,2025-11-19 11:00:00,13218.0,1.1991964401434312
163,2025-11-19 12:00:00,13119.0,1.1902147146498467
164,2025-11-19 13:00:00,13083.0,1.1869486326521796
165,2025-11-19 14:00:00,13237.0,1.2009202056422
166,2025-11-19 15:00:00,13432.0,1.2186114831295631
167,2025-11-19 16:00:00,13628.0,1.2363934851168619
