reference_case,load_scale,target_load_MW,committed_non_slack,non_slack_dispatch_MW,bus,pre_fault_V_mag,pre_fault_V_ang_deg,I_SCC_mag_pu,I_SCC_ang_deg,SCL_pu,SCL_MVA
temporal_reference_intact,1.0,805.72,7,717.0,31,1.03,-14.78,52.786093308725064,-100.68890724858628,52.786093308725064,5278.609330872507
temporal_reference_intact,1.0,805.72,7,717.0,27,0.9861835896442996,-22.432201773836226,17.685483514435404,-96.66228780987286,17.685483514435404,1768.5483514435405
temporal_reference_intact,1.0,805.72,7,717.0,10,1.014411642009985,-19.618358937779046,18.310020522997085,-99.43118586062775,18.310020522997085,1831.0020522997086
temporal_reference_intact,1.0,805.72,7,717.0,12,1.0144394783549988,-20.23371218142612,22.91889575719626,-98.23591594159299,22.91889575719626,2291.889575719626
temporal_reference_intact,1.0,805.72,7,717.0,13,0.9956185835134805,-21.37827330419667,10.435595087375464,-90.98287779499385,10.435595087375464,1043.5595087375464
temporal_reference_intact,1.0,805.72,7,717.0,15,0.9792274254408846,-22.24180075301438,26.07452809616334,-95.59470819403109,26.07452809616334,2607.452809616334
temporal_reference_intact,1.0,805.72,7,717.0,55,0.9824394299532472,-22.39956265486151,10.431438106404375,-86.26509840463507,10.431438106404375,1043.1438106404376
temporal_reference_intact,1.0,805.72,7,717.0,16,0.981535084471264,-22.654099199725454,19.112093012918205,-96.05829715019362,19.112093012918205,1911.2093012918206
temporal_reference_intact,1.0,805.72,7,717.0,17,1.0062771384705635,-21.216436404521247,12.122505258757654,-92.74022197592753,12.122505258757654,1212.2505258757653
temporal_reference_intact,1.0,805.72,7,717.0,18,0.9975026614044122,-21.776644171281536,11.290420760184743,-91.31538039119893,11.290420760184743,1129.0420760184743
temporal_reference_intact,1.0,805.72,7,717.0,19,1.0057022524880923,-20.98441885120984,11.271147688498992,-90.9646346287788,11.271147688498992,1127.1147688498993
temporal_reference_intact,1.0,805.72,7,717.0,20,1.0074169924364893,-15.485588658554178,10.476251496870681,-86.29685471296581,10.476251496870681,1047.6251496870682
temporal_reference_intact,1.0,805.72,7,717.0,21,0.9776383667600569,-23.205901724583878,16.030825801164653,-95.69588849352387,16.030825801164653,1603.0825801164654
temporal_reference_intact,1.0,805.72,7,717.0,5,0.9977018523081062,-19.761912930728833,11.813634989370968,-89.42240999481194,11.813634989370968,1181.3634989370967
temporal_reference_intact,1.0,805.72,7,717.0,1,1.0225570498544856,-15.563076778829034,32.51065159724367,-100.88836454535382,32.51065159724367,3251.0651597243673
temporal_reference_intact,1.0,805.72,7,717.0,56,1.0200788069943378,-14.715513261228551,18.398393947436592,-97.56426642208356,18.398393947436592,1839.839394743659
temporal_reference_intact,1.0,805.72,7,717.0,29,1.0215404076877475,-13.650627946250566,35.50231881447138,-99.1783779353454,35.50231881447138,3550.231881447138
temporal_reference_intact,1.0,805.72,7,717.0,30,1.0023464322598248,-15.696558915200415,20.98391989268057,-96.23079853971801,20.98391989268057,2098.391989268057
temporal_reference_intact,1.0,805.72,7,717.0,3,0.9932298010742275,-17.912497677505385,20.321934941840155,-98.93997940913806,20.321934941840155,2032.1934941840154
temporal_reference_intact,1.0,805.72,7,717.0,32,1.0055797052002724,-15.298291823662735,21.770011936133,-95.87938930722855,21.770011936133,2177.0011936133
temporal_reference_intact,1.0,805.72,7,717.0,33,1.003201046738125,-15.30680984117576,12.17125122539434,-94.74897674363409,12.17125122539434,1217.125122539434
temporal_reference_intact,1.0,805.72,7,717.0,34,1.0035820859172369,-16.246671150378997,11.834666639692166,-87.75681169849874,11.834666639692166,1183.4666639692166
temporal_reference_intact,1.0,805.72,7,717.0,35,1.0211441377650787,-15.663266771905137,25.002340379866496,-100.38156007754634,25.002340379866496,2500.2340379866496
temporal_reference_intact,1.0,805.72,7,717.0,37,0.9961103422489167,-21.818724220098535,10.760264176602902,-88.93397236940507,10.760264176602902,1076.0264176602902
temporal_reference_intact,1.0,805.72,7,717.0,38,1.0224951017871133,-15.640114674594216,39.47047168633909,-100.67067083404207,39.47047168633909,3947.0471686339088
temporal_reference_intact,1.0,805.72,7,717.0,39,1.0065438547249166,-17.7371345734873,34.90125307912875,-100.01253102406898,34.90125307912875,3490.125307912875
temporal_reference_intact,1.0,805.72,7,717.0,40,0.9940421789893351,-18.60336192962109,27.75662652503869,-99.20593764483006,27.75662652503869,2775.662652503869
temporal_reference_intact,1.0,805.72,7,717.0,41,0.9959987136167416,-16.44811396951722,27.78056178177744,-97.79265822271998,27.78056178177744,2778.056178177744
temporal_reference_intact,1.0,805.72,7,717.0,24,0.9814616216502536,-21.4306488364637,18.538918979135065,-89.4548005977345,18.538918979135065,1853.8918979135065
temporal_reference_intact,1.0,805.72,7,717.0,47,0.9758375701455884,-20.484812205452105,30.316332898313316,-101.19479144946482,30.316332898313316,3031.6332898313317
temporal_reference_intact,1.0,805.72,7,717.0,44,1.0074918193687965,-17.009775710529272,29.651286209972408,-95.1058388352409,29.651286209972408,2965.128620997241
temporal_reference_intact,1.0,805.72,7,717.0,14,1.007340046867745,-16.295271377948538,20.549130901674737,-94.67736527264192,20.549130901674737,2054.9130901674735
temporal_reference_intact,1.0,805.72,7,717.0,54,0.9808169642088018,-22.23612923061149,26.40544998948082,-96.9342621310899,26.40544998948082,2640.544998948082
temporal_reference_intact,1.0,805.72,7,717.0,53,0.9777584393947116,-20.584769819296863,30.239694987018627,-101.38224463209599,30.239694987018627,3023.969498701863
temporal_reference_intact,1.0,805.72,7,717.0,28,1.03,-11.81642555032375,63.62582499057586,-99.57911855055951,63.62582499057586,6362.582499057586
temporal_reference_intact,1.0,805.72,7,717.0,50,1.02,-13.813974719403548,12.844416279386174,-91.20514342025021,12.844416279386174,1284.4416279386173
temporal_reference_intact,1.0,805.72,7,717.0,48,0.9903374702467264,-22.41314011115469,25.111813088139442,-100.38718389927651,25.111813088139442,2511.1813088139443
