hour_index,timestamp,case,load_scale,se3_mw,pf_converged,scc_failed_bus_count,scc_failed_buses,committed_non_slack,non_slack_dispatch_MW
0,2025-11-12 17:00:00,intact,0.9920724067913769,10935.0,True,0,,7,717.0
0,2025-11-12 17:00:00,line_39_47_out,0.9920724067913769,10935.0,True,0,,7,717.0
1,2025-11-12 18:00:00,intact,0.958504341815354,10565.0,True,0,,7,717.0
1,2025-11-12 18:00:00,line_39_47_out,0.958504341815354,10565.0,True,0,,7,717.0
2,2025-11-12 19:00:00,intact,0.9251177258392016,10197.0,True,0,,7,717.0
2,2025-11-12 19:00:00,line_39_47_out,0.9251177258392016,10197.0,True,0,,7,717.0
3,2025-11-12 20:00:00,intact,0.8691407093791852,9580.0,True,0,,7,700.2840523609971
3,2025-11-12 20:00:00,line_39_47_out,0.8691407093791852,9580.0,True,0,,7,700.2840523609971
4,2025-11-12 21:00:00,intact,0.8251393269106148,9095.0,True,0,,6,664.8312584784205
4,2025-11-12 21:00:00,line_39_47_out,0.8251393269106148,9095.0,True,0,,6,664.8312584784205
5,2025-11-12 22:00:00,intact,0.7820451894413963,8620.0,True,0,,5,630.0
5,2025-11-12 22:00:00,line_39_47_out,0.7820451894413963,8620.0,True,0,,5,630.0
6,2025-11-12 23:00:00,intact,0.773607810947423,8527.0,True,0,,5,623.3112854365577
6,2025-11-12 23:00:00,line_39_47_out,0.773607810947423,8527.0,True,0,,5,623.3112854365577
7,2025-11-13 00:00:00,intact,0.7349591739750292,8101.0,True,0,,5,592.1713056551605
7,2025-11-13 00:00:00,line_39_47_out,0.7349591739750292,8101.0,True,0,,5,592.1713056551605
8,2025-11-13 01:00:00,intact,0.7156348554888322,7888.0,True,0,,4,550.0
8,2025-11-13 01:00:00,line_39_47_out,0.7156348554888322,7888.0,True,0,,4,550.0
9,2025-11-13 02:00:00,intact,0.7034777724975159,7754.0,True,0,,4,550.0
9,2025-11-13 02:00:00,line_39_47_out,0.7034777724975159,7754.0,True,0,,4,550.0
10,2025-11-13 03:00:00,intact,0.7120058754914244,7848.0,True,0,,4,550.0
10,2025-11-13 03:00:00,line_39_47_out,0.7120058754914244,7848.0,True,0,,4,550.0
11,2025-11-13 04:00:00,intact,0.7392232254719834,8148.0,True,0,,5,595.6069372272865
11,2025-11-13 04:00:00,line_39_47_out,0.7392232254719834,8148.0,True,0,,5,595.6069372272865
12,2025-11-13 05:00:00,intact,0.8333952564047177,9186.0,True,0,,6,671.4832259904091
12,2025-11-13 05:00:00,line_39_47_out,0.8333952564047177,9186.0,True,0,,6,671.4832259904091
13,2025-11-13 06:00:00,intact,0.8914589363632436,9826.0,True,0,,7,717.0
13,2025-11-13 06:00:00,line_39_47_out,0.8914589363632436,9826.0,True,0,,7,717.0
14,2025-11-13 07:00:00,intact,0.894906467360781,9864.0,True,0,,7,717.0
14,2025-11-13 07:00:00,line_39_47_out,0.894906467360781,9864.0,True,0,,7,717.0
15,2025-11-13 08:00:00,intact,0.9138678878472373,10073.0,True,0,,7,717.0
15,2025-11-13 08:00:00,line_39_47_out,0.9138678878472373,10073.0,True,0,,7,717.0
16,2025-11-13 09:00:00,intact,0.9485246468224824,10455.0,True,0,,7,717.0
16,2025-11-13 09:00:00,line_39_47_out,0.9485246468224824,10455.0,True,0,,7,717.0
17,2025-11-13 10:00:00,intact,0.978282282801227,10783.0,True,0,,7,717.0
17,2025-11-13 10:00:00,line_39_47_out,0.978282282801227,10783.0,True,0,,7,717.0
18,2025-11-13 11:00:00,intact,0.987989804294293,10890.0,True,0,,7,717.0
18,2025-11-13 11:00:00,line_39_47_out,0.987989804294293,10890.0,True,0,,7,717.0
19,2025-11-13 12:00:00,intact,0.9918002332915713,10932.0,True,0,,7,717.0
19,2025-11-13 12:00:00,line_39_47_out,0.9918002332915713,10932.0,True,0,,7,717.0
20,2025-11-13 13:00:00,intact,0.9910744372920897,10924.0,True,0,,7,717.0
20,2025-11-13 13:00:00,line_39_47_out,0.9910744372920897,10924.0,True,0,,7,717.0
21,2025-11-13 14:00:00,intact,0.9966993562880719,10986.0,True,0,,7,717.0
21,2025-11-13 14:00:00,line_39_47_out,0.9966993562880719,10986.0,True,0,,7,717.0
22,2025-11-13 15:00:00,intact,1.0169309197736207,11209.0,True,0,,7,717.0
22,2025-11-13 15:00:00,line_39_47_out,1.0169309197736207,11209.0,True,0,,7,717.0
23,2025-11-13 16:00:00,intact,0.9983323972869055,11004.0,True,0,,7,717.0
23,2025-11-13 16:00:00,line_39_47_out,0.9983323972869055,11004.0,True,0,,7,717.0
24,2025-11-13 17:00:00,intact,1.0044109387825637,11071.0,True,0,,7,717.0
24,2025-11-13 17:00:00,line_39_47_out,1.0044109387825637,11071.0,True,0,,7,717.0
25,2025-11-13 18:00:00,intact,1.0099451332786107,11132.0,True,0,,7,717.0
25,2025-11-13 18:00:00,line_39_47_out,1.0099451332786107,11132.0,True,0,,7,717.0
26,2025-11-13 19:00:00,intact,0.9860845897956538,10869.0,True,0,,7,717.0
26,2025-11-13 19:00:00,line_39_47_out,0.9860845897956538,10869.0,True,0,,7,717.0
27,2025-11-13 20:00:00,intact,0.9477081263230657,10446.0,True,0,,7,717.0
27,2025-11-13 20:00:00,line_39_47_out,0.9477081263230657,10446.0,True,0,,7,717.0
28,2025-11-13 21:00:00,intact,0.9143215103469132,10078.0,True,0,,7,717.0
28,2025-11-13 21:00:00,line_39_47_out,0.9143215103469132,10078.0,True,0,,7,717.0
29,2025-11-13 22:00:00,intact,0.8742212813755562,9636.0,True,0,,7,704.3775708299132
29,2025-11-13 22:00:00,line_39_47_out,0.8742212813755562,9636.0,True,0,,7,704.3775708299132
30,2025-11-13 23:00:00,intact,0.8603404328854711,9483.0,True,0,,7,693.1934935844819
30,2025-11-13 23:00:00,line_39_47_out,0.8603404328854711,9483.0,True,0,,7,693.1934935844819
31,2025-11-14 00:00:00,intact,0.8598868103857952,9478.0,True,0,,7,692.8280008640429
31,2025-11-14 00:00:00,line_39_47_out,0.8598868103857952,9478.0,True,0,,7,692.8280008640429
32,2025-11-14 01:00:00,intact,0.8558042078887113,9433.0,True,0,,6,682.0
32,2025-11-14 01:00:00,line_39_47_out,0.8558042078887113,9433.0,True,0,,6,682.0
33,2025-11-14 02:00:00,intact,0.851086533892081,9381.0,True,0,,6,682.0
33,2025-11-14 02:00:00,line_39_47_out,0.851086533892081,9381.0,True,0,,6,682.0
34,2025-11-14 03:00:00,intact,0.8581630448870264,9459.0,True,0,,6,682.0
34,2025-11-14 03:00:00,line_39_47_out,0.8581630448870264,9459.0,True,0,,6,682.0
35,2025-11-14 04:00:00,intact,0.8906424158638269,9817.0,True,0,,7,717.0
35,2025-11-14 04:00:00,line_39_47_out,0.8906424158638269,9817.0,True,0,,7,717.0
36,2025-11-14 05:00:00,intact,0.9863567632954595,10872.0,True,0,,7,717.0
36,2025-11-14 05:00:00,line_39_47_out,0.9863567632954595,10872.0,True,0,,7,717.0
37,2025-11-14 06:00:00,intact,1.0646520067395342,11735.0,True,0,,7,717.0
37,2025-11-14 06:00:00,line_39_47_out,1.0646520067395342,11735.0,True,0,,7,717.0
38,2025-11-14 07:00:00,intact,1.0766276407309803,11867.0,True,0,,7,717.0
38,2025-11-14 07:00:00,line_39_47_out,1.0766276407309803,11867.0,True,0,,7,717.0
39,2025-11-14 08:00:00,intact,1.0720006912342852,11816.0,True,0,,7,717.0
39,2025-11-14 08:00:00,line_39_47_out,1.0720006912342852,11816.0,True,0,,7,717.0
40,2025-11-14 09:00:00,intact,1.0509526072493196,11584.0,True,0,,7,717.0
40,2025-11-14 09:00:00,line_39_47_out,1.0509526072493196,11584.0,True,0,,7,717.0
41,2025-11-14 10:00:00,intact,1.0224651142696677,11270.0,True,0,,7,717.0
41,2025-11-14 10:00:00,line_39_47_out,1.0224651142696677,11270.0,True,0,,7,717.0
42,2025-11-14 11:00:00,intact,1.0106709292780922,11140.0,True,0,,7,717.0
42,2025-11-14 11:00:00,line_39_47_out,1.0106709292780922,11140.0,True,0,,7,717.0
43,2025-11-14 12:00:00,intact,0.9937961722901456,10954.0,True,0,,7,717.0
43,2025-11-14 12:00:00,line_39_47_out,0.9937961722901456,10954.0,True,0,,7,717.0
44,2025-11-14 13:00:00,intact,1.0106709292780922,11140.0,True,0,,7,717.0
44,2025-11-14 13:00:00,line_39_47_out,1.0106709292780922,11140.0,True,0,,7,717.0
45,2025-11-14 14:00:00,intact,1.0231909102691494,11278.0,True,0,,7,717.0
45,2025-11-14 14:00:00,line_39_47_out,1.0231909102691494,11278.0,True,0,,7,717.0
46,2025-11-14 15:00:00,intact,1.0432410247548278,11499.0,True,0,,7,717.0
46,2025-11-14 15:00:00,line_39_47_out,1.0432410247548278,11499.0,True,0,,7,717.0
47,2025-11-14 16:00:00,intact,1.0551259342463386,11630.0,True,0,,7,717.0
47,2025-11-14 16:00:00,line_39_47_out,1.0551259342463386,11630.0,True,0,,7,717.0
48,2025-11-14 17:00:00,intact,1.03961204475742,11459.0,True,0,,7,717.0
48,2025-11-14 17:00:00,line_39_47_out,1.03961204475742,11459.0,True,0,,7,717.0
49,2025-11-14 18:00:00,intact,1.0172938177733615,11213.0,True,0,,7,717.0
49,2025-11-14 18:00:00,line_39_47_out,1.0172938177733615,11213.0,True,0,,7,717.0
50,2025-11-14 19:00:00,intact,0.9801874972998661,10804.0,True,0,,7,717.0
50,2025-11-14 19:00:00,line_39_47_out,0.9801874972998661,10804.0,True,0,,7,717.0
51,2025-11-14 20:00:00,intact,0.9643107098112066,10629.0,True,0,,7,717.0
51,2025-11-14 20:00:00,line_39_47_out,0.9643107098112066,10629.0,True,0,,7,717.0
52,2025-11-14 21:00:00,intact,0.9415388603274722,10378.0,True,0,,7,717.0
52,2025-11-14 21:00:00,line_39_47_out,0.9415388603274722,10378.0,True,0,,7,717.0
53,2025-11-14 22:00:00,intact,0.9214887458417937,10157.0,True,0,,7,717.0
53,2025-11-14 22:00:00,line_39_47_out,0.9214887458417937,10157.0,True,0,,7,717.0
54,2025-11-14 23:00:00,intact,0.8783038838726401,9681.0,True,0,,7,707.6670053138637
54,2025-11-14 23:00:00,line_39_47_out,0.8783038838726401,9681.0,True,0,,7,707.6670053138637
55,2025-11-15 00:00:00,intact,0.8654210048818421,9539.0,True,0,,7,697.2870120533979
55,2025-11-15 00:00:00,line_39_47_out,0.8654210048818421,9539.0,True,0,,7,697.2870120533979
56,2025-11-15 01:00:00,intact,0.8617920248844343,9499.0,True,0,,7,694.3630702898864
56,2025-11-15 01:00:00,line_39_47_out,0.8617920248844343,9499.0,True,0,,7,694.3630702898864
57,2025-11-15 02:00:00,intact,0.8562578303883873,9438.0,True,0,,6,682.0
57,2025-11-15 02:00:00,line_39_47_out,0.8562578303883873,9438.0,True,0,,6,682.0
58,2025-11-15 03:00:00,intact,0.8725882403767227,9618.0,True,0,,7,703.061797036333
58,2025-11-15 03:00:00,line_39_47_out,0.8725882403767227,9618.0,True,0,,7,703.061797036333
59,2025-11-15 04:00:00,intact,0.8867412623666134,9774.0,True,0,,7,714.4651699140278
59,2025-11-15 04:00:00,line_39_47_out,0.8867412623666134,9774.0,True,0,,7,714.4651699140278
60,2025-11-15 05:00:00,intact,0.9138678878472373,10073.0,True,0,,7,717.0
60,2025-11-15 05:00:00,line_39_47_out,0.9138678878472373,10073.0,True,0,,7,717.0
61,2025-11-15 06:00:00,intact,0.956145504817039,10539.0,True,0,,7,717.0
61,2025-11-15 06:00:00,line_39_47_out,0.956145504817039,10539.0,True,0,,7,717.0
62,2025-11-15 07:00:00,intact,0.9798245993001253,10800.0,True,0,,7,717.0
62,2025-11-15 07:00:00,line_39_47_out,0.9798245993001253,10800.0,True,0,,7,717.0
63,2025-11-15 08:00:00,intact,0.9752883743033655,10750.0,True,0,,7,717.0
63,2025-11-15 08:00:00,line_39_47_out,0.9752883743033655,10750.0,True,0,,7,717.0
64,2025-11-15 09:00:00,intact,0.9650365058106882,10637.0,True,0,,7,717.0
64,2025-11-15 09:00:00,line_39_47_out,0.9650365058106882,10637.0,True,0,,7,717.0
65,2025-11-15 10:00:00,intact,0.9422646563269538,10386.0,True,0,,7,717.0
65,2025-11-15 10:00:00,line_39_47_out,0.9422646563269538,10386.0,True,0,,7,717.0
66,2025-11-15 11:00:00,intact,0.9352788698319436,10309.0,True,0,,7,717.0
66,2025-11-15 11:00:00,line_39_47_out,0.9352788698319436,10309.0,True,0,,7,717.0
67,2025-11-15 12:00:00,intact,0.936821186330842,10326.0,True,0,,7,717.0
67,2025-11-15 12:00:00,line_39_47_out,0.936821186330842,10326.0,True,0,,7,717.0
68,2025-11-15 13:00:00,intact,0.9332829308333693,10287.0,True,0,,7,717.0
68,2025-11-15 13:00:00,line_39_47_out,0.9332829308333693,10287.0,True,0,,7,717.0
69,2025-11-15 14:00:00,intact,0.9748347518036895,10745.0,True,0,,7,717.0
69,2025-11-15 14:00:00,line_39_47_out,0.9748347518036895,10745.0,True,0,,7,717.0
70,2025-11-15 15:00:00,intact,1.0231001857692141,11277.0,True,0,,7,717.0
70,2025-11-15 15:00:00,line_39_47_out,1.0231001857692141,11277.0,True,0,,7,717.0
71,2025-11-15 16:00:00,intact,1.0309932172635763,11364.0,True,0,,7,717.0
71,2025-11-15 16:00:00,line_39_47_out,1.0309932172635763,11364.0,True,0,,7,717.0
72,2025-11-15 17:00:00,intact,1.0143906337754354,11181.0,True,0,,7,717.0
72,2025-11-15 17:00:00,line_39_47_out,1.0143906337754354,11181.0,True,0,,7,717.0
73,2025-11-15 18:00:00,intact,0.9802782217998013,10805.0,True,0,,7,717.0
73,2025-11-15 18:00:00,line_39_47_out,0.9802782217998013,10805.0,True,0,,7,717.0
74,2025-11-15 19:00:00,intact,0.9464379833239729,10432.0,True,0,,7,717.0
74,2025-11-15 19:00:00,line_39_47_out,0.9464379833239729,10432.0,True,0,,7,717.0
75,2025-11-15 20:00:00,intact,0.9066099278524214,9993.0,True,0,,7,717.0
75,2025-11-15 20:00:00,line_39_47_out,0.9066099278524214,9993.0,True,0,,7,717.0
76,2025-11-15 21:00:00,intact,0.8714995463775004,9606.0,True,0,,7,702.1846145072797
76,2025-11-15 21:00:00,line_39_47_out,0.8714995463775004,9606.0,True,0,,7,702.1846145072797
77,2025-11-15 22:00:00,intact,0.8407439408994686,9267.0,True,0,,6,677.4042080615199
77,2025-11-15 22:00:00,line_39_47_out,0.8407439408994686,9267.0,True,0,,6,677.4042080615199
78,2025-11-15 23:00:00,intact,0.8343025014040697,9196.0,True,0,,6,672.214211431287
78,2025-11-15 23:00:00,line_39_47_out,0.8343025014040697,9196.0,True,0,,6,672.214211431287
79,2025-11-16 00:00:00,intact,0.8253207759104851,9097.0,True,0,,6,664.9774555665961
79,2025-11-16 00:00:00,line_39_47_out,0.8253207759104851,9097.0,True,0,,6,664.9774555665961
80,2025-11-16 01:00:00,intact,0.8277703374087355,9124.0,True,0,,6,666.9511162569664
80,2025-11-16 01:00:00,line_39_47_out,0.8277703374087355,9124.0,True,0,,6,666.9511162569664
81,2025-11-16 02:00:00,intact,0.8301291744070506,9150.0,True,0,,6,668.8516784032488
81,2025-11-16 02:00:00,line_39_47_out,0.8301291744070506,9150.0,True,0,,6,668.8516784032488
82,2025-11-16 03:00:00,intact,0.8165204994167711,9000.0,True,0,,6,657.8868967900808
82,2025-11-16 03:00:00,line_39_47_out,0.8165204994167711,9000.0,True,0,,6,657.8868967900808
83,2025-11-16 04:00:00,intact,0.8105326824210481,8934.0,True,0,,6,653.0623928802869
83,2025-11-16 04:00:00,line_39_47_out,0.8105326824210481,8934.0,True,0,,6,653.0623928802869
84,2025-11-16 05:00:00,intact,0.8273167149090594,9119.0,True,0,,6,666.5856235365274
84,2025-11-16 05:00:00,line_39_47_out,0.8273167149090594,9119.0,True,0,,6,666.5856235365274
85,2025-11-16 06:00:00,intact,0.8567114528880633,9443.0,True,0,,6,682.0
85,2025-11-16 06:00:00,line_39_47_out,0.8567114528880633,9443.0,True,0,,6,682.0
86,2025-11-16 07:00:00,intact,0.9002592128569578,9923.0,True,0,,7,717.0
86,2025-11-16 07:00:00,line_39_47_out,0.9002592128569578,9923.0,True,0,,7,717.0
87,2025-11-16 08:00:00,intact,0.9187670108437379,10127.0,True,0,,7,717.0
87,2025-11-16 08:00:00,line_39_47_out,0.9187670108437379,10127.0,True,0,,7,717.0
88,2025-11-16 09:00:00,intact,0.925752797338748,10204.0,True,0,,7,717.0
88,2025-11-16 09:00:00,line_39_47_out,0.925752797338748,10204.0,True,0,,7,717.0
89,2025-11-16 10:00:00,intact,0.9364582883311012,10322.0,True,0,,7,717.0
89,2025-11-16 10:00:00,line_39_47_out,0.9364582883311012,10322.0,True,0,,7,717.0
90,2025-11-16 11:00:00,intact,0.9384542273296755,10344.0,True,0,,7,717.0
90,2025-11-16 11:00:00,line_39_47_out,0.9384542273296755,10344.0,True,0,,7,717.0
91,2025-11-16 12:00:00,intact,0.9457121873244912,10424.0,True,0,,7,717.0
91,2025-11-16 12:00:00,line_39_47_out,0.9457121873244912,10424.0,True,0,,7,717.0
92,2025-11-16 13:00:00,intact,0.9665788223095866,10654.0,True,0,,7,717.0
92,2025-11-16 13:00:00,line_39_47_out,0.9665788223095866,10654.0,True,0,,7,717.0
93,2025-11-16 14:00:00,intact,0.9896228452931265,10908.0,True,0,,7,717.0
93,2025-11-16 14:00:00,line_39_47_out,0.9896228452931265,10908.0,True,0,,7,717.0
94,2025-11-16 15:00:00,intact,1.032263360262669,11378.0,True,0,,7,717.0
94,2025-11-16 15:00:00,line_39_47_out,1.032263360262669,11378.0,True,0,,7,717.0
95,2025-11-16 16:00:00,intact,1.0536743422473756,11614.0,True,0,,7,717.0
95,2025-11-16 16:00:00,line_39_47_out,1.0536743422473756,11614.0,True,0,,7,717.0
96,2025-11-16 17:00:00,intact,1.0526763727480883,11603.0,True,0,,7,717.0
96,2025-11-16 17:00:00,line_39_47_out,1.0526763727480883,11603.0,True,0,,7,717.0
97,2025-11-16 18:00:00,intact,1.0504082602497085,11578.0,True,0,,7,717.0
97,2025-11-16 18:00:00,line_39_47_out,1.0504082602497085,11578.0,True,0,,7,717.0
98,2025-11-16 19:00:00,intact,1.0191083077720655,11233.0,True,0,,7,717.0
98,2025-11-16 19:00:00,line_39_47_out,1.0191083077720655,11233.0,True,0,,7,717.0
99,2025-11-16 20:00:00,intact,0.9972437032876831,10992.0,True,0,,7,717.0
99,2025-11-16 20:00:00,line_39_47_out,0.9972437032876831,10992.0,True,0,,7,717.0
100,2025-11-16 21:00:00,intact,0.9703892513068648,10696.0,True,0,,7,717.0
100,2025-11-16 21:00:00,line_39_47_out,0.9703892513068648,10696.0,True,0,,7,717.0
101,2025-11-16 22:00:00,intact,0.9550568108178166,10527.0,True,0,,7,717.0
101,2025-11-16 22:00:00,line_39_47_out,0.9550568108178166,10527.0,True,0,,7,717.0
102,2025-11-16 23:00:00,intact,0.9353695943318788,10310.0,True,0,,7,717.0
102,2025-11-16 23:00:00,line_39_47_out,0.9353695943318788,10310.0,True,0,,7,717.0
103,2025-11-17 00:00:00,intact,0.9143215103469132,10078.0,True,0,,7,717.0
103,2025-11-17 00:00:00,line_39_47_out,0.9143215103469132,10078.0,True,0,,7,717.0
104,2025-11-17 01:00:00,intact,0.9127791938480149,10061.0,True,0,,7,717.0
104,2025-11-17 01:00:00,line_39_47_out,0.9127791938480149,10061.0,True,0,,7,717.0
105,2025-11-17 02:00:00,intact,0.9089687648507366,10019.0,True,0,,7,717.0
105,2025-11-17 02:00:00,line_39_47_out,0.9089687648507366,10019.0,True,0,,7,717.0
106,2025-11-17 03:00:00,intact,0.9157731023458764,10094.0,True,0,,7,717.0
106,2025-11-17 03:00:00,line_39_47_out,0.9157731023458764,10094.0,True,0,,7,717.0
107,2025-11-17 04:00:00,intact,0.9585950663152892,10566.0,True,0,,7,717.0
107,2025-11-17 04:00:00,line_39_47_out,0.9585950663152892,10566.0,True,0,,7,717.0
108,2025-11-17 05:00:00,intact,1.0549444852464682,11628.0,True,0,,7,717.0
108,2025-11-17 05:00:00,line_39_47_out,1.0549444852464682,11628.0,True,0,,7,717.0
109,2025-11-17 06:00:00,intact,1.1196310537002636,12341.0,True,0,,7,717.0
109,2025-11-17 06:00:00,line_39_47_out,1.1196310537002636,12341.0,True,0,,7,717.0
110,2025-11-17 07:00:00,intact,1.1338748001900893,12498.0,True,0,,7,717.0
110,2025-11-17 07:00:00,line_39_47_out,1.1338748001900893,12498.0,True,0,,7,717.0
111,2025-11-17 08:00:00,intact,1.1363243616883398,12525.0,True,0,,7,717.0
111,2025-11-17 08:00:00,line_39_47_out,1.1363243616883398,12525.0,True,0,,7,717.0
112,2025-11-17 09:00:00,intact,1.1160927982027908,12302.0,True,0,,7,717.0
112,2025-11-17 09:00:00,line_39_47_out,1.1160927982027908,12302.0,True,0,,7,717.0
113,2025-11-17 10:00:00,intact,1.1029377457121874,12157.0,True,0,,7,717.0
113,2025-11-17 10:00:00,line_39_47_out,1.1029377457121874,12157.0,True,0,,7,717.0
114,2025-11-17 11:00:00,intact,1.0905084892210655,12020.0,True,0,,7,717.0
114,2025-11-17 11:00:00,line_39_47_out,1.0905084892210655,12020.0,True,0,,7,717.0
115,2025-11-17 12:00:00,intact,1.0951354387177603,12071.0,True,0,,7,717.0
115,2025-11-17 12:00:00,line_39_47_out,1.0951354387177603,12071.0,True,0,,7,717.0
116,2025-11-17 13:00:00,intact,1.111102950706355,12247.0,True,0,,7,717.0
116,2025-11-17 13:00:00,line_39_47_out,1.111102950706355,12247.0,True,0,,7,717.0
117,2025-11-17 14:00:00,intact,1.1367779841880157,12530.0,True,0,,7,717.0
117,2025-11-17 14:00:00,line_39_47_out,1.1367779841880157,12530.0,True,0,,7,717.0
118,2025-11-17 15:00:00,intact,1.1663541711668899,12856.0,True,0,,7,717.0
118,2025-11-17 15:00:00,line_39_47_out,1.1663541711668899,12856.0,True,0,,7,717.0
119,2025-11-17 16:00:00,intact,1.1874929796517908,13089.0,True,0,,7,717.0
119,2025-11-17 16:00:00,line_39_47_out,1.1874929796517908,13089.0,True,0,,7,717.0
120,2025-11-17 17:00:00,intact,1.1713440186633257,12911.0,True,0,,7,717.0
120,2025-11-17 17:00:00,line_39_47_out,1.1713440186633257,12911.0,True,0,,7,717.0
121,2025-11-17 18:00:00,intact,1.1644489566682508,12835.0,True,0,,7,717.0
121,2025-11-17 18:00:00,line_39_47_out,1.1644489566682508,12835.0,True,0,,7,717.0
122,2025-11-17 19:00:00,intact,1.1473020261804985,12646.0,True,0,,7,717.0
122,2025-11-17 19:00:00,line_39_47_out,1.1473020261804985,12646.0,True,0,,7,717.0
123,2025-11-17 20:00:00,intact,1.128612779193848,12440.0,True,0,,7,717.0
123,2025-11-17 20:00:00,line_39_47_out,1.128612779193848,12440.0,True,0,,7,717.0
124,2025-11-17 21:00:00,intact,1.0861537132241759,11972.0,True,0,,7,717.0
124,2025-11-17 21:00:00,line_39_47_out,1.0861537132241759,11972.0,True,0,,7,717.0
125,2025-11-17 22:00:00,intact,1.0559424547457554,11639.0,True,0,,7,717.0
125,2025-11-17 22:00:00,line_39_47_out,1.0559424547457554,11639.0,True,0,,7,717.0
126,2025-11-17 23:00:00,intact,0.994884866289368,10966.0,True,0,,7,717.0
126,2025-11-17 23:00:00,line_39_47_out,0.994884866289368,10966.0,True,0,,7,717.0
127,2025-11-18 00:00:00,intact,0.9800060482999957,10802.0,True,0,,7,717.0
127,2025-11-18 00:00:00,line_39_47_out,0.9800060482999957,10802.0,True,0,,7,717.0
128,2025-11-18 01:00:00,intact,0.9752883743033655,10750.0,True,0,,7,717.0
128,2025-11-18 01:00:00,line_39_47_out,0.9752883743033655,10750.0,True,0,,7,717.0
129,2025-11-18 02:00:00,intact,0.9688469348079665,10679.0,True,0,,7,717.0
129,2025-11-18 02:00:00,line_39_47_out,0.9688469348079665,10679.0,True,0,,7,717.0
130,2025-11-18 03:00:00,intact,0.9553289843176221,10530.0,True,0,,7,717.0
130,2025-11-18 03:00:00,line_39_47_out,0.9553289843176221,10530.0,True,0,,7,717.0
131,2025-11-18 04:00:00,intact,0.9941590702898864,10958.0,True,0,,7,717.0
131,2025-11-18 04:00:00,line_39_47_out,0.9941590702898864,10958.0,True,0,,7,717.0
132,2025-11-18 05:00:00,intact,1.090780662720871,12023.0,True,0,,7,717.0
132,2025-11-18 05:00:00,line_39_47_out,1.090780662720871,12023.0,True,0,,7,717.0
133,2025-11-18 06:00:00,intact,1.1789648766578822,12995.0,True,0,,7,717.0
133,2025-11-18 06:00:00,line_39_47_out,1.1789648766578822,12995.0,True,0,,7,717.0
134,2025-11-18 07:00:00,intact,1.1896703676502354,13113.0,True,0,,7,717.0
134,2025-11-18 07:00:00,line_39_47_out,1.1896703676502354,13113.0,True,0,,7,717.0
135,2025-11-18 08:00:00,intact,1.1883095001512074,13098.0,True,0,,7,717.0
135,2025-11-18 08:00:00,line_39_47_out,1.1883095001512074,13098.0,True,0,,7,717.0
136,2025-11-18 09:00:00,intact,1.1492072406791376,12667.0,True,0,,7,717.0
136,2025-11-18 09:00:00,line_39_47_out,1.1492072406791376,12667.0,True,0,,7,717.0
137,2025-11-18 10:00:00,intact,1.1360521881885342,12522.0,True,0,,7,717.0
137,2025-11-18 10:00:00,line_39_47_out,1.1360521881885342,12522.0,True,0,,7,717.0
138,2025-11-18 11:00:00,intact,1.1177258392016245,12320.0,True,0,,7,717.0
138,2025-11-18 11:00:00,line_39_47_out,1.1177258392016245,12320.0,True,0,,7,717.0
139,2025-11-18 12:00:00,intact,1.1213548191990323,12360.0,True,0,,7,717.0
139,2025-11-18 12:00:00,line_39_47_out,1.1213548191990323,12360.0,True,0,,7,717.0
140,2025-11-18 13:00:00,intact,1.139227545686266,12557.0,True,0,,7,717.0
140,2025-11-18 13:00:00,line_39_47_out,1.139227545686266,12557.0,True,0,,7,717.0
141,2025-11-18 14:00:00,intact,1.169710977664492,12893.0,True,0,,7,717.0
141,2025-11-18 14:00:00,line_39_47_out,1.169710977664492,12893.0,True,0,,7,717.0
142,2025-11-18 15:00:00,intact,1.2034604916403853,13265.0,True,0,,7,717.0
142,2025-11-18 15:00:00,line_39_47_out,1.2034604916403853,13265.0,True,0,,7,717.0
143,2025-11-18 16:00:00,intact,1.2316758111202315,13576.0,True,0,,7,717.0
143,2025-11-18 16:00:00,line_39_47_out,1.2316758111202315,13576.0,True,0,,7,717.0
144,2025-11-18 17:00:00,intact,1.2216053916274248,13465.0,True,0,,7,717.0
144,2025-11-18 17:00:00,line_39_47_out,1.2216053916274248,13465.0,True,0,,7,717.0
145,2025-11-18 18:00:00,intact,1.2002851341426535,13230.0,True,0,,7,717.0
145,2025-11-18 18:00:00,line_39_47_out,1.2002851341426535,13230.0,True,0,,7,717.0
146,2025-11-18 19:00:00,intact,1.1837732751544476,13048.0,True,0,,7,717.0
146,2025-11-18 19:00:00,line_39_47_out,1.1837732751544476,13048.0,True,0,,7,717.0
147,2025-11-18 20:00:00,intact,1.1499330366786193,12675.0,True,0,,7,717.0
147,2025-11-18 20:00:00,line_39_47_out,1.1499330366786193,12675.0,True,0,,7,717.0
148,2025-11-18 21:00:00,intact,1.098129347215622,12104.0,True,0,,7,717.0
148,2025-11-18 21:00:00,line_39_47_out,1.098129347215622,12104.0,True,0,,7,717.0
149,2025-11-18 22:00:00,intact,1.0680088132371366,11772.0,True,0,,7,717.0
149,2025-11-18 22:00:00,line_39_47_out,1.0680088132371366,11772.0,True,0,,7,717.0
150,2025-11-18 23:00:00,intact,1.0227372877694734,11273.0,True,0,,7,717.0
150,2025-11-18 23:00:00,line_39_47_out,1.0227372877694734,11273.0,True,0,,7,717.0
151,2025-11-19 00:00:00,intact,1.012394694776861,11159.0,True,0,,7,717.0
151,2025-11-19 00:00:00,line_39_47_out,1.012394694776861,11159.0,True,0,,7,717.0
152,2025-11-19 01:00:00,intact,1.0112152762777034,11146.0,True,0,,7,717.0
152,2025-11-19 01:00:00,line_39_47_out,1.0112152762777034,11146.0,True,0,,7,717.0
153,2025-11-19 02:00:00,intact,1.0167494707737503,11207.0,True,0,,7,717.0
153,2025-11-19 02:00:00,line_39_47_out,1.0167494707737503,11207.0,True,0,,7,717.0
154,2025-11-19 03:00:00,intact,1.0116688987773794,11151.0,True,0,,7,717.0
154,2025-11-19 03:00:00,line_39_47_out,1.0116688987773794,11151.0,True,0,,7,717.0
155,2025-11-19 04:00:00,intact,1.042333779755476,11489.0,True,0,,7,717.0
155,2025-11-19 04:00:00,line_39_47_out,1.042333779755476,11489.0,True,0,,7,717.0
156,2025-11-19 05:00:00,intact,1.1330582796906727,12489.0,True,0,,7,717.0
156,2025-11-19 05:00:00,line_39_47_out,1.1330582796906727,12489.0,True,0,,7,717.0
157,2025-11-19 06:00:00,intact,1.216615544130989,13410.0,True,0,,7,717.0
157,2025-11-19 06:00:00,line_39_47_out,1.216615544130989,13410.0,True,0,,7,717.0
158,2025-11-19 07:00:00,intact,1.2236920551259343,13488.0,True,0,,7,717.0
158,2025-11-19 07:00:00,line_39_47_out,1.2236920551259343,13488.0,True,0,,7,717.0
159,2025-11-19 08:00:00,intact,1.222603361126712,13476.0,True,0,,7,717.0
159,2025-11-19 08:00:00,line_39_47_out,1.222603361126712,13476.0,True,0,,7,717.0
160,2025-11-19 09:00:00,intact,1.2073616451375988,13308.0,True,0,,7,717.0
160,2025-11-19 09:00:00,line_39_47_out,1.2073616451375988,13308.0,True,0,,7,717.0
161,2025-11-19 10:00:00,intact,1.2002851341426535,13230.0,True,0,,7,717.0
161,2025-11-19 10:00:00,line_39_47_out,1.2002851341426535,13230.0,True,0,,7,717.0
162,2025-11-19 11:00:00,intact,1.1991964401434312,13218.0,True,0,,7,717.0
162,2025-11-19 11:00:00,line_39_47_out,1.1991964401434312,13218.0,True,0,,7,717.0
163,2025-11-19 12:00:00,intact,1.1902147146498467,13119.0,True,0,,7,717.0
163,2025-11-19 12:00:00,line_39_47_out,1.1902147146498467,13119.0,True,0,,7,717.0
164,2025-11-19 13:00:00,intact,1.1869486326521796,13083.0,True,0,,7,717.0
164,2025-11-19 13:00:00,line_39_47_out,1.1869486326521796,13083.0,True,0,,7,717.0
165,2025-11-19 14:00:00,intact,1.2009202056422,13237.0,True,0,,7,717.0
165,2025-11-19 14:00:00,line_39_47_out,1.2009202056422,13237.0,True,0,,7,717.0
166,2025-11-19 15:00:00,intact,1.2186114831295631,13432.0,True,0,,7,717.0
166,2025-11-19 15:00:00,line_39_47_out,1.2186114831295631,13432.0,True,0,,7,717.0
167,2025-11-19 16:00:00,intact,1.2363934851168619,13628.0,True,0,,7,717.0
167,2025-11-19 16:00:00,line_39_47_out,1.2363934851168619,13628.0,True,0,,7,717.0
