bus,delta_scl_sim_pct,delta_scl_pred_pct,delta_Zii_real,delta_Zii_imag,abs_delta_Zii
31,0.009482190956200398,0.0027756697421166265,-9.61893542899021e-07,-4.747157937960711e-07,1.072657574788089e-06
27,-0.053587330156068536,0.009923317579962898,-8.145531203682804e-06,-3.461564944122475e-06,8.850542946765914e-06
10,-0.031178977171086864,0.004435037419980858,-3.832753336601921e-06,-1.8109495737855807e-06,4.239049008684299e-06
12,-0.022547453055032918,0.005045478986986929,-3.4744245748334623e-06,-1.5496262754099988e-06,3.8043353847482674e-06
13,-0.05264410995879931,0.004503960732993306,-5.868828771848911e-06,-2.407267438567229e-06,6.343349877948372e-06
15,-0.05049182602333557,0.021395324948825234,-1.1509820043796581e-05,-4.9651430356068005e-06,1.2535094846255301e-05
55,-0.06867300948815158,0.00755097727940246,-8.282500241763024e-06,-3.865979501319061e-06,9.1403286461387e-06
16,-0.055390943414523885,0.012251569409160723,-9.204406700991097e-06,-3.837391695821202e-06,9.972295510282841e-06
17,-0.03242378652078548,0.00305319762128331,-3.5906002100356826e-06,-1.4760484697701193e-06,3.882155194401558e-06
18,-0.01895772091428105,0.0020828571629660786,-2.641898445822355e-06,-9.837767364073713e-07,2.8191211511985276e-06
19,-0.03435030739548095,0.0030018279432386663,-3.660777888572081e-06,-1.5201009603560411e-06,3.9638367371946116e-06
20,8.149375865240671e-05,0.00028804870111365233,-1.977643230149928e-07,-2.2448922898377077e-07,2.9917577005383685e-07
21,-26.81637434368399,-25.784916831308824,0.010344069004857601,0.018856575633276126,0.021507445412942902
5,-0.008630593604141978,0.0018084554545438891,-1.9329563657813353e-06,-9.148966328975661e-07,2.1385406615030473e-06
1,0.0012904028107829646,0.0021709503885691817,-1.2433274915665815e-06,-5.840291120509655e-07,1.3736641711161748e-06
56,-0.004255735837221941,0.0010312673281331897,-8.345510107508197e-07,-4.7175574188762504e-07,9.58659934256751e-07
29,0.0004019464066917777,0.0012927602611512157,-5.210251216086412e-07,-3.3256639452375336e-07,6.181161574605764e-07
30,-0.002158049827249986,0.0012321420887806411,-7.959833040263598e-07,-4.644225259503587e-07,9.215626418745673e-07
3,-0.012553608999155141,0.0024896455360412517,-1.9296043845817845e-06,-9.286412939596422e-07,2.141435904678047e-06
32,-0.0018445454328941402,0.0011313343972307877,-6.99651890840626e-07,-4.140328693016948e-07,8.129796954531261e-07
33,-0.0011822675262673776,0.00040503420659643297,-4.823180903956031e-07,-2.499976638759005e-07,5.432582924045144e-07
34,0.0002526595965335332,0.00036554550659761986,-2.0749311048159913e-07,-2.575016058159463e-07,3.3069694267579813e-07
35,-0.006187523919687354,0.002091143694471498,-1.4147197524494101e-06,-7.274321834546682e-07,1.5907826877031776e-06
37,-0.019498688273933418,0.002074697622100885,-2.6361038473754483e-06,-9.772883735326143e-07,2.8114295401431747e-06
38,-0.0004365159651742445,0.003127858685414431,-1.482821137512285e-06,-6.852105934838926e-07,1.633484644334245e-06
39,-0.017739415090023414,0.0063019533824704155,-3.0893463745193007e-06,-1.4177230144400699e-06,3.3991174689069788e-06
40,-0.014845029960663947,0.004307216904031463,-2.5245006071272086e-06,-1.1484625389787673e-06,2.7734580434582386e-06
41,-0.0009065360354720831,0.00233732166861067,-1.152115314341333e-06,-6.732186039679067e-07,1.334388618906923e-06
24,-0.05334528861202781,0.012558058079781276,-7.926263419590074e-06,-3.980331968876649e-06,8.86953743885177e-06
47,-0.05459573712722765,0.01596884983630087,-1.023926128292281e-05,-3.544642183370139e-06,1.0835449221333148e-05
44,0.0074835032957798475,0.00327567083822089,-1.284111958838735e-06,-8.684044628601284e-07,1.5501838065042615e-06
14,0.0008444673135432623,0.0006988881012803816,-2.1333366526793407e-07,-3.0595928211113455e-07,3.7299106563912734e-07
54,-0.05021325067520177,0.021078950791442175,-1.224547530354926e-05,-4.78819320566537e-06,1.3148325352858245e-05
53,-0.058378484633736516,0.014950671735380894,-9.21679816615669e-06,-3.4138686885593073e-06,9.82872666515836e-06
28,0.0034429253279677496,0.001112441256800878,-2.7741809901821353e-07,-1.6947088313581937e-07,3.250864221921824e-07
50,0.0004177018327666815,0.0002831461225483167,-1.7603754794495718e-07,-1.9106554102754636e-07,2.5979849740639787e-07
48,-0.05272058374037325,0.0420560110854451,-2.8043621827244375e-05,-1.1021042425223004e-05,3.0131513425781694e-05
