hour_index,n_committed,committed_buses,offline_buses,offline_generators,total_dispatch_MW,commitment_changed
0,7,28;28;44;53;50;48;14,,,717.0,False
1,7,28;28;44;53;50;48;14,,,717.0,False
2,7,28;28;44;53;50;48;14,,,717.0,False
3,7,28;28;44;53;50;48;14,,,700.2840523609971,False
4,6,28;28;44;53;50;48,14,generator.g14-1,664.8312584784205,True
5,5,28;28;44;53;50,48;14,generator.g48-1;generator.g14-1,630.0,True
6,5,28;28;44;53;50,48;14,generator.g48-1;generator.g14-1,623.3112854365577,False
7,5,28;28;44;53;50,48;14,generator.g48-1;generator.g14-1,592.1713056551605,False
8,4,28;28;44;53,50;48;14,generator.g50-1;generator.g48-1;generator.g14-1,550.0,True
9,4,28;28;44;53,50;48;14,generator.g50-1;generator.g48-1;generator.g14-1,550.0,False
10,4,28;28;44;53,50;48;14,generator.g50-1;generator.g48-1;generator.g14-1,550.0,False
11,5,28;28;44;53;50,48;14,generator.g48-1;generator.g14-1,595.6069372272865,True
12,6,28;28;44;53;50;48,14,generator.g14-1,671.4832259904091,True
13,7,28;28;44;53;50;48;14,,,717.0,True
14,7,28;28;44;53;50;48;14,,,717.0,False
15,7,28;28;44;53;50;48;14,,,717.0,False
16,7,28;28;44;53;50;48;14,,,717.0,False
17,7,28;28;44;53;50;48;14,,,717.0,False
18,7,28;28;44;53;50;48;14,,,717.0,False
19,7,28;28;44;53;50;48;14,,,717.0,False
20,7,28;28;44;53;50;48;14,,,717.0,False
21,7,28;28;44;53;50;48;14,,,717.0,False
22,7,28;28;44;53;50;48;14,,,717.0,False
23,7,28;28;44;53;50;48;14,,,717.0,False
24,7,28;28;44;53;50;48;14,,,717.0,False
25,7,28;28;44;53;50;48;14,,,717.0,False
26,7,28;28;44;53;50;48;14,,,717.0,False
27,7,28;28;44;53;50;48;14,,,717.0,False
28,7,28;28;44;53;50;48;14,,,717.0,False
29,7,28;28;44;53;50;48;14,,,704.3775708299132,False
30,7,28;28;44;53;50;48;14,,,693.1934935844819,False
31,7,28;28;44;53;50;48;14,,,692.8280008640429,False
32,6,28;28;44;53;50;48,14,generator.g14-1,682.0,True
33,6,28;28;44;53;50;48,14,generator.g14-1,682.0,False
34,6,28;28;44;53;50;48,14,generator.g14-1,682.0,False
35,7,28;28;44;53;50;48;14,,,717.0,True
36,7,28;28;44;53;50;48;14,,,717.0,False
37,7,28;28;44;53;50;48;14,,,717.0,False
38,7,28;28;44;53;50;48;14,,,717.0,False
39,7,28;28;44;53;50;48;14,,,717.0,False
40,7,28;28;44;53;50;48;14,,,717.0,False
41,7,28;28;44;53;50;48;14,,,717.0,False
42,7,28;28;44;53;50;48;14,,,717.0,False
43,7,28;28;44;53;50;48;14,,,717.0,False
44,7,28;28;44;53;50;48;14,,,717.0,False
45,7,28;28;44;53;50;48;14,,,717.0,False
46,7,28;28;44;53;50;48;14,,,717.0,False
47,7,28;28;44;53;50;48;14,,,717.0,False
48,7,28;28;44;53;50;48;14,,,717.0,False
49,7,28;28;44;53;50;48;14,,,717.0,False
50,7,28;28;44;53;50;48;14,,,717.0,False
51,7,28;28;44;53;50;48;14,,,717.0,False
52,7,28;28;44;53;50;48;14,,,717.0,False
53,7,28;28;44;53;50;48;14,,,717.0,False
54,7,28;28;44;53;50;48;14,,,707.6670053138637,False
55,7,28;28;44;53;50;48;14,,,697.2870120533979,False
56,7,28;28;44;53;50;48;14,,,694.3630702898864,False
57,6,28;28;44;53;50;48,14,generator.g14-1,682.0,True
58,7,28;28;44;53;50;48;14,,,703.061797036333,True
59,7,28;28;44;53;50;48;14,,,714.4651699140278,False
60,7,28;28;44;53;50;48;14,,,717.0,False
61,7,28;28;44;53;50;48;14,,,717.0,False
62,7,28;28;44;53;50;48;14,,,717.0,False
63,7,28;28;44;53;50;48;14,,,717.0,False
64,7,28;28;44;53;50;48;14,,,717.0,False
65,7,28;28;44;53;50;48;14,,,717.0,False
66,7,28;28;44;53;50;48;14,,,717.0,False
67,7,28;28;44;53;50;48;14,,,717.0,False
68,7,28;28;44;53;50;48;14,,,717.0,False
69,7,28;28;44;53;50;48;14,,,717.0,False
70,7,28;28;44;53;50;48;14,,,717.0,False
71,7,28;28;44;53;50;48;14,,,717.0,False
72,7,28;28;44;53;50;48;14,,,717.0,False
73,7,28;28;44;53;50;48;14,,,717.0,False
74,7,28;28;44;53;50;48;14,,,717.0,False
75,7,28;28;44;53;50;48;14,,,717.0,False
76,7,28;28;44;53;50;48;14,,,702.1846145072797,False
77,6,28;28;44;53;50;48,14,generator.g14-1,677.4042080615199,True
78,6,28;28;44;53;50;48,14,generator.g14-1,672.214211431287,False
79,6,28;28;44;53;50;48,14,generator.g14-1,664.9774555665961,False
80,6,28;28;44;53;50;48,14,generator.g14-1,666.9511162569664,False
81,6,28;28;44;53;50;48,14,generator.g14-1,668.8516784032488,False
82,6,28;28;44;53;50;48,14,generator.g14-1,657.8868967900808,False
83,6,28;28;44;53;50;48,14,generator.g14-1,653.0623928802869,False
84,6,28;28;44;53;50;48,14,generator.g14-1,666.5856235365274,False
85,6,28;28;44;53;50;48,14,generator.g14-1,682.0,False
86,7,28;28;44;53;50;48;14,,,717.0,True
87,7,28;28;44;53;50;48;14,,,717.0,False
88,7,28;28;44;53;50;48;14,,,717.0,False
89,7,28;28;44;53;50;48;14,,,717.0,False
90,7,28;28;44;53;50;48;14,,,717.0,False
91,7,28;28;44;53;50;48;14,,,717.0,False
92,7,28;28;44;53;50;48;14,,,717.0,False
93,7,28;28;44;53;50;48;14,,,717.0,False
94,7,28;28;44;53;50;48;14,,,717.0,False
95,7,28;28;44;53;50;48;14,,,717.0,False
96,7,28;28;44;53;50;48;14,,,717.0,False
97,7,28;28;44;53;50;48;14,,,717.0,False
98,7,28;28;44;53;50;48;14,,,717.0,False
99,7,28;28;44;53;50;48;14,,,717.0,False
100,7,28;28;44;53;50;48;14,,,717.0,False
101,7,28;28;44;53;50;48;14,,,717.0,False
102,7,28;28;44;53;50;48;14,,,717.0,False
103,7,28;28;44;53;50;48;14,,,717.0,False
104,7,28;28;44;53;50;48;14,,,717.0,False
105,7,28;28;44;53;50;48;14,,,717.0,False
106,7,28;28;44;53;50;48;14,,,717.0,False
107,7,28;28;44;53;50;48;14,,,717.0,False
108,7,28;28;44;53;50;48;14,,,717.0,False
109,7,28;28;44;53;50;48;14,,,717.0,False
110,7,28;28;44;53;50;48;14,,,717.0,False
111,7,28;28;44;53;50;48;14,,,717.0,False
112,7,28;28;44;53;50;48;14,,,717.0,False
113,7,28;28;44;53;50;48;14,,,717.0,False
114,7,28;28;44;53;50;48;14,,,717.0,False
115,7,28;28;44;53;50;48;14,,,717.0,False
116,7,28;28;44;53;50;48;14,,,717.0,False
117,7,28;28;44;53;50;48;14,,,717.0,False
118,7,28;28;44;53;50;48;14,,,717.0,False
119,7,28;28;44;53;50;48;14,,,717.0,False
120,7,28;28;44;53;50;48;14,,,717.0,False
121,7,28;28;44;53;50;48;14,,,717.0,False
122,7,28;28;44;53;50;48;14,,,717.0,False
123,7,28;28;44;53;50;48;14,,,717.0,False
124,7,28;28;44;53;50;48;14,,,717.0,False
125,7,28;28;44;53;50;48;14,,,717.0,False
126,7,28;28;44;53;50;48;14,,,717.0,False
127,7,28;28;44;53;50;48;14,,,717.0,False
128,7,28;28;44;53;50;48;14,,,717.0,False
129,7,28;28;44;53;50;48;14,,,717.0,False
130,7,28;28;44;53;50;48;14,,,717.0,False
131,7,28;28;44;53;50;48;14,,,717.0,False
132,7,28;28;44;53;50;48;14,,,717.0,False
133,7,28;28;44;53;50;48;14,,,717.0,False
134,7,28;28;44;53;50;48;14,,,717.0,False
135,7,28;28;44;53;50;48;14,,,717.0,False
136,7,28;28;44;53;50;48;14,,,717.0,False
137,7,28;28;44;53;50;48;14,,,717.0,False
138,7,28;28;44;53;50;48;14,,,717.0,False
139,7,28;28;44;53;50;48;14,,,717.0,False
140,7,28;28;44;53;50;48;14,,,717.0,False
141,7,28;28;44;53;50;48;14,,,717.0,False
142,7,28;28;44;53;50;48;14,,,717.0,False
143,7,28;28;44;53;50;48;14,,,717.0,False
144,7,28;28;44;53;50;48;14,,,717.0,False
145,7,28;28;44;53;50;48;14,,,717.0,False
146,7,28;28;44;53;50;48;14,,,717.0,False
147,7,28;28;44;53;50;48;14,,,717.0,False
148,7,28;28;44;53;50;48;14,,,717.0,False
149,7,28;28;44;53;50;48;14,,,717.0,False
150,7,28;28;44;53;50;48;14,,,717.0,False
151,7,28;28;44;53;50;48;14,,,717.0,False
152,7,28;28;44;53;50;48;14,,,717.0,False
153,7,28;28;44;53;50;48;14,,,717.0,False
154,7,28;28;44;53;50;48;14,,,717.0,False
155,7,28;28;44;53;50;48;14,,,717.0,False
156,7,28;28;44;53;50;48;14,,,717.0,False
157,7,28;28;44;53;50;48;14,,,717.0,False
158,7,28;28;44;53;50;48;14,,,717.0,False
159,7,28;28;44;53;50;48;14,,,717.0,False
160,7,28;28;44;53;50;48;14,,,717.0,False
161,7,28;28;44;53;50;48;14,,,717.0,False
162,7,28;28;44;53;50;48;14,,,717.0,False
163,7,28;28;44;53;50;48;14,,,717.0,False
164,7,28;28;44;53;50;48;14,,,717.0,False
165,7,28;28;44;53;50;48;14,,,717.0,False
166,7,28;28;44;53;50;48;14,,,717.0,False
167,7,28;28;44;53;50;48;14,,,717.0,False
