bus,min_delta_SCL_pct,max_delta_SCL_pct,median_delta_SCL_pct,effect_range_pp
21,-26.61561087278786,-10.92645451912784,-14.052690501365666,15.689156353660021
48,-28.22636225824232,-14.042074433427556,-16.986633973864805,14.184287824814765
24,-18.28297933522354,-5.0799012066124085,-7.413196067505378,13.203078128611132
53,-36.81602023519178,-24.239696538739416,-27.026989099467272,12.576323696452363
54,-21.77047860472592,-9.211131308889676,-11.783314307427764,12.559347295836243
15,-20.900233415269373,-8.573468088128855,-11.076592709258204,12.326765327140517
55,-13.851511362274122,-1.5648838623319483,-4.260588412224777,12.286627499942174
47,-41.23078186709884,-28.946237996822894,-31.6970223245287,12.284543870275947
16,-16.34601253901615,-4.590020044645535,-6.761893608309458,11.755992494370616
27,-14.768776520875235,-3.482208765069544,-5.5036796084377855,11.286567755805692
44,-10.21142522661073,-0.5684030649844061,-2.170219189613255,9.643022161626325
5,-10.15443193357872,-0.5153080064027483,-2.3183078524559257,9.639123927175973
13,-9.898370661031242,-0.7139024712118122,-3.3300898028345314,9.18446818981943
14,-9.354720821166108,-0.4924326571522854,-1.6342872034240574,8.862288164013822
37,-9.284412981139647,-0.5243642279275679,-2.3977040866055503,8.760048753212079
18,-9.155957524373989,-0.520496656665906,-2.3851394795525565,8.635460867708083
34,-8.013105534817182,-0.3677970086433641,-1.13653507360186,7.645308526173818
12,-8.026295442335266,-0.684307792119379,-3.025062409464196,7.341987650215888
17,-8.122659966367433,-1.0258963966920287,-3.1182426998359403,7.096763569675404
41,-7.354881862750244,-0.4697035185499685,-1.9065250302382872,6.885178344200276
19,-7.913128202264037,-1.3169832905472076,-3.3530321595733863,6.596144911716829
20,-6.658807364283975,-0.2154442923406829,-0.6672321049614557,6.443363071943292
3,-7.273633176523723,-0.8398016303610764,-2.599426490394723,6.433831546162646
40,-7.69036821830705,-1.5928690945816264,-4.035751999431046,6.097499123725424
10,-9.928272685168118,-4.187745547653902,-7.000169246197392,5.740527137514215
39,-20.401594931451417,-14.751543517455143,-19.328576097718834,5.650051413996273
30,-5.579439292271683,-0.4480367117737042,-1.3798133210949584,5.131402580497979
50,-4.72056684481187,0.0103961888515,-0.036316944450248995,4.73096303366337
32,-4.9993912960517095,-0.451197554620597,-1.2552703825094444,4.548193741431112
33,-4.703312925166485,-0.1696148470238132,-0.5409141635550432,4.533698078142672
38,-9.449584274939346,-7.011424204431654,-9.355467622099015,2.438160070507692
29,-3.0795216318824,-0.8788168058818149,-1.6668588720922388,2.2007048260005853
1,-4.99621354783214,-2.9210228854883744,-4.460480405709487,2.0751906623437653
35,-6.349773999059775,-4.326383980195145,-5.793640541198635,2.02339001886463
31,-7.00903032984669,-5.063980472506612,-6.993296334400787,1.9450498573400772
56,-3.22244654295994,-1.3242016782769874,-2.0244702287952423,1.8982448646829524
28,-1.911707289390553,-1.2887382671971237,-1.8947481228333114,0.6229690221934292
