bus,critical_hour_intact,critical_timestamp_intact,min_SCL_intact_MVA,critical_hour_contingency,critical_timestamp_contingency,min_SCL_contingency_MVA,critical_hour_shift,critical_state_changed
1,9,2025-11-13 02:00:00,3080.0765265561604,9,2025-11-13 02:00:00,2990.1067863248995,0,False
3,8,2025-11-13 01:00:00,1887.1127703526995,8,2025-11-13 01:00:00,1869.2806751216183,0,False
5,8,2025-11-13 01:00:00,1116.5668148378943,167,2025-11-19 16:00:00,1061.4823519540437,159,True
10,9,2025-11-13 02:00:00,1735.8802573737255,167,2025-11-19 16:00:00,1638.4523667959293,158,True
12,9,2025-11-13 02:00:00,2104.3396753005213,8,2025-11-13 01:00:00,2087.747884813259,-1,True
13,5,2025-11-12 22:00:00,1014.4885807140416,167,2025-11-19 16:00:00,925.8138922283846,162,True
14,8,2025-11-13 01:00:00,906.6546122300977,8,2025-11-13 01:00:00,900.8868537431164,0,False
15,9,2025-11-13 02:00:00,2133.8107598674487,8,2025-11-13 01:00:00,1908.2959441433936,-1,True
16,9,2025-11-13 02:00:00,1694.4914543129976,167,2025-11-19 16:00:00,1581.0472499835012,158,True
17,8,2025-11-13 01:00:00,1176.068710105074,167,2025-11-19 16:00:00,1103.3253313631185,159,True
18,8,2025-11-13 01:00:00,1084.5961976333583,167,2025-11-19 16:00:00,1022.977604861739,159,True
19,8,2025-11-13 01:00:00,1100.365308643566,167,2025-11-19 16:00:00,1026.8047208319283,159,True
20,8,2025-11-13 01:00:00,647.536301982653,8,2025-11-13 01:00:00,643.896381468714,0,False
21,9,2025-11-13 02:00:00,1268.7047725035063,5,2025-11-12 22:00:00,1089.2071275816766,-4,True
24,9,2025-11-13 02:00:00,1650.6436790904204,167,2025-11-19 16:00:00,1495.349796506301,158,True
27,9,2025-11-13 02:00:00,1601.311608139362,167,2025-11-19 16:00:00,1489.6727832150016,158,True
28,9,2025-11-13 02:00:00,6068.872315632789,9,2025-11-13 02:00:00,5990.535581146779,0,False
29,9,2025-11-13 02:00:00,3286.252925705945,8,2025-11-13 01:00:00,3256.641669232544,-1,True
30,8,2025-11-13 01:00:00,1831.350911808769,8,2025-11-13 01:00:00,1821.5905870752697,0,False
31,9,2025-11-13 02:00:00,4915.830201140796,9,2025-11-13 02:00:00,4666.893519693444,0,False
32,8,2025-11-13 01:00:00,1872.0429974487924,8,2025-11-13 01:00:00,1862.157664455405,0,False
33,8,2025-11-13 01:00:00,937.9367524478804,8,2025-11-13 01:00:00,933.8968224504011,0,False
34,8,2025-11-13 01:00:00,709.4261826332415,8,2025-11-13 01:00:00,705.1951535298211,0,False
35,9,2025-11-13 02:00:00,2392.488361143675,8,2025-11-13 01:00:00,2288.882399247163,-1,True
37,8,2025-11-13 01:00:00,1038.3312064304748,167,2025-11-19 16:00:00,972.394617469949,159,True
38,9,2025-11-13 02:00:00,3691.5782977728127,9,2025-11-13 02:00:00,3432.746083477224,0,False
39,9,2025-11-13 02:00:00,3170.7215956240443,8,2025-11-13 01:00:00,2702.4221893622266,-1,True
40,9,2025-11-13 02:00:00,2540.5292645390705,8,2025-11-13 01:00:00,2498.235622133792,-1,True
41,8,2025-11-13 01:00:00,2385.7765427360173,8,2025-11-13 01:00:00,2372.01467221656,0,False
44,8,2025-11-13 01:00:00,2362.4440294304486,8,2025-11-13 01:00:00,2345.5761911506856,0,False
47,9,2025-11-13 02:00:00,2523.932317071928,5,2025-11-12 22:00:00,1739.2747469580077,-4,True
48,9,2025-11-13 02:00:00,1745.1262962903477,5,2025-11-12 22:00:00,1446.6695971083404,-4,True
50,8,2025-11-13 01:00:00,666.3196129152692,8,2025-11-13 01:00:00,663.0157891891092,0,False
53,9,2025-11-13 02:00:00,2559.7701810536205,5,2025-11-12 22:00:00,1876.913546114523,-4,True
54,9,2025-11-13 02:00:00,2145.872013971134,5,2025-11-12 22:00:00,1902.8536421317788,-4,True
55,5,2025-11-12 22:00:00,1001.3827650776644,167,2025-11-19 16:00:00,881.709687228551,162,True
56,9,2025-11-13 02:00:00,1779.2101293614955,8,2025-11-13 01:00:00,1755.162817855383,-1,True
