bus,segment_start_hour,segment_end_hour,segment_n_hours,offline_generators,corr_intact_SCL_vs_load,corr_contingency_SCL_vs_load,corr_contingency_effect_vs_load,correlation_shift_cont_minus_intact,direction_changed
1,86,167,82,,0.8801240188598008,-0.981932645073484,-0.9523476151777862,-1.8620566639332847,True
50,86,167,82,,0.9994774445753594,-0.807821733533103,-0.8339195155423373,-1.8072991781084624,True
33,86,167,82,,0.5853625725715452,-0.888553454363987,-0.8677626129893162,-1.4739160269355323,True
29,86,167,82,,0.477915289206792,-0.9568585589291415,-0.8953031994180987,-1.4347738481359336,True
44,86,167,82,,0.2577235123232445,-0.9775409397578066,-0.8994799939478583,-1.2352644520810512,True
41,86,167,82,,0.0794616350782594,-0.97565206188629,-0.904437102623752,-1.0551136969645494,True
32,86,167,82,,0.02527303736921986,-0.9577950032317156,-0.8956307483665253,-0.9830680406009354,True
30,86,167,82,,-0.01679728299207829,-0.9645985187404544,-0.898887513875615,-0.9478012357483762,False
35,86,167,82,,-0.03271781606142317,-0.9637178463260085,-0.8500307586010373,-0.9310000302645853,False
56,86,167,82,,-0.19578056973130736,-0.9661754895841037,-0.8861393705464511,-0.7703949198527964,False
5,86,167,82,,-0.23003860889902128,-0.981137610351483,-0.9111867252145417,-0.7510990014524617,False
14,86,167,82,,-0.26787092353692443,-0.9676329140958618,-0.8935273646508332,-0.6997619905589374,False
40,86,167,82,,-0.2922790985915572,-0.9816650509550263,-0.9323460497596353,-0.6893859523634691,False
20,86,167,82,,-0.26127294753896707,-0.9169551964910716,-0.8698658408654912,-0.6556822489521046,False
34,86,167,82,,-0.3170275106393982,-0.9490877887250109,-0.8837790495985399,-0.6320602780856126,False
3,86,167,82,,-0.36067419388657773,-0.9799764203939856,-0.9188851212884984,-0.6193022265074078,False
18,86,167,82,,-0.4034320164213592,-0.9817199241588812,-0.9223558795727997,-0.578287907737522,False
12,86,167,82,,-0.4549416183740448,-0.9826662326071777,-0.9395380469747613,-0.5277246142331329,False
37,86,167,82,,-0.47130155865026885,-0.9822050390746903,-0.9224479700355387,-0.5109034804244215,False
39,86,167,82,,-0.6031081843952281,-0.9801646674817536,-0.8727200265675579,-0.3770564830865255,False
15,86,167,82,,-0.7833888904553452,-0.9867695319165208,-0.964503279300717,-0.20338064146117563,False
24,86,167,82,,-0.7839556119417979,-0.9860055976721203,-0.954125854166573,-0.2020499857303224,False
54,86,167,82,,-0.7951046679449636,-0.9870044414293655,-0.9658338370345347,-0.1918997734844019,False
16,86,167,82,,-0.8213467319967023,-0.9862286391451898,-0.9609590489042629,-0.1648819071484875,False
27,86,167,82,,-0.8363693695245666,-0.986024958563966,-0.9589206251836048,-0.14965558903939935,False
10,86,167,82,,-0.8395723419099949,-0.9819958317078678,-0.9201258040071933,-0.1424234897978729,False
17,86,167,82,,-0.8423480921592797,-0.9841164471083328,-0.9350485487013712,-0.14176835494905304,False
19,86,167,82,,-0.881146549647902,-0.9841311544036364,-0.9301351728286356,-0.10298460475573445,False
47,86,167,82,,-0.9048773206003515,-0.9874783109188462,-0.9738918734738357,-0.08260099031849466,False
48,86,167,82,,-0.907608337534114,-0.987663856008388,-0.9699674663543333,-0.08005551847427406,False
53,86,167,82,,-0.9077384041136294,-0.9874864748675698,-0.9724983587821201,-0.07974807075394041,False
55,86,167,82,,-0.9278753239939845,-0.9860273689409078,-0.9569992198114172,-0.058152044946923276,False
13,86,167,82,,-0.930272461988164,-0.985743244861273,-0.9495699037363211,-0.055470782873108915,False
21,86,167,82,,-0.9381416346720615,-0.9877543916366055,-0.9689815121517087,-0.049612756964544036,False
31,86,167,82,,0.9978824866251086,0.9863282601005438,0.8686794617002978,-0.011554226524564837,False
28,86,167,82,,0.9977512224669757,0.9864765878487204,0.8993068466854807,-0.011274634618255286,False
38,86,167,82,,0.9437009464423094,0.9931895943981585,-0.7300197912489725,0.04948864795584906,False
