bus,hours_with_rank_change,max_abs_rank_shift,min_rank_shift,max_rank_shift,fraction_hours_rank_changed
1,168,1,-1,-1,1.0
3,41,4,-4,0,0.24404761904761904
5,55,1,-1,1,0.3273809523809524
10,92,2,-2,2,0.5476190476190477
12,168,5,-5,-2,1.0
13,29,1,-1,1,0.17261904761904762
14,45,2,-2,0,0.26785714285714285
15,152,2,-2,1,0.9047619047619048
16,116,2,-1,2,0.6904761904761905
17,47,1,-1,1,0.27976190476190477
18,10,1,-1,1,0.05952380952380952
19,10,1,-1,1,0.05952380952380952
20,86,2,-2,0,0.5119047619047619
21,34,4,0,4,0.20238095238095238
24,168,2,-1,2,1.0
27,16,1,-1,0,0.09523809523809523
28,0,0,0,0,0.0
29,0,0,0,0,0.0
30,87,4,-4,0,0.5178571428571429
31,0,0,0,0,0.0
32,149,5,-5,0,0.8869047619047619
33,38,1,-1,0,0.2261904761904762
34,58,1,-1,0,0.34523809523809523
35,165,5,-5,0,0.9821428571428571
37,48,1,0,1,0.2857142857142857
38,0,0,0,0,0.0
39,168,2,1,2,1.0
40,164,2,-2,0,0.9761904761904762
41,168,3,-3,-2,1.0
44,146,4,-4,0,0.8690476190476191
47,168,13,9,13,1.0
48,168,5,1,5,1.0
50,31,2,-2,0,0.18452380952380953
53,168,9,5,9,1.0
54,136,3,-2,3,0.8095238095238095
55,56,2,0,2,0.3333333333333333
56,165,3,-3,0,0.9821428571428571
