bus,critical_hour_intact,critical_timestamp_intact,min_SCL_intact_MVA,min_deviation_from_mean_pct,se3_mw,load_scale,n_committed,committed_buses,offline_buses,offline_generators,total_dispatch_MW,commitment_changed
13,5,2025-11-12 22:00:00,1014.4885807140416,-2.604492019798051,8620.0,0.7820451894413963,5,28;28;44;53;50,48;14,generator.g48-1;generator.g14-1,630.0,True
55,5,2025-11-12 22:00:00,1001.3827650776644,-3.7783560191002,8620.0,0.7820451894413963,5,28;28;44;53;50,48;14,generator.g48-1;generator.g14-1,630.0,True
3,8,2025-11-13 01:00:00,1887.1127703526995,-6.7325398212512555,7888.0,0.7156348554888322,4,28;28;44;53,50;48;14,generator.g50-1;generator.g48-1;generator.g14-1,550.0,True
5,8,2025-11-13 01:00:00,1116.5668148378943,-5.131298210632873,7888.0,0.7156348554888322,4,28;28;44;53,50;48;14,generator.g50-1;generator.g48-1;generator.g14-1,550.0,True
14,8,2025-11-13 01:00:00,906.6546122300977,-52.7392870596097,7888.0,0.7156348554888322,4,28;28;44;53,50;48;14,generator.g50-1;generator.g48-1;generator.g14-1,550.0,True
17,8,2025-11-13 01:00:00,1176.068710105074,-2.80276207354913,7888.0,0.7156348554888322,4,28;28;44;53,50;48;14,generator.g50-1;generator.g48-1;generator.g14-1,550.0,True
18,8,2025-11-13 01:00:00,1084.5961976333583,-3.708916023195831,7888.0,0.7156348554888322,4,28;28;44;53,50;48;14,generator.g50-1;generator.g48-1;generator.g14-1,550.0,True
19,8,2025-11-13 01:00:00,1100.365308643566,-2.218149509812083,7888.0,0.7156348554888322,4,28;28;44;53,50;48;14,generator.g50-1;generator.g48-1;generator.g14-1,550.0,True
20,8,2025-11-13 01:00:00,647.536301982653,-36.57451034461935,7888.0,0.7156348554888322,4,28;28;44;53,50;48;14,generator.g50-1;generator.g48-1;generator.g14-1,550.0,True
30,8,2025-11-13 01:00:00,1831.350911808769,-12.142686826107836,7888.0,0.7156348554888322,4,28;28;44;53,50;48;14,generator.g50-1;generator.g48-1;generator.g14-1,550.0,True
32,8,2025-11-13 01:00:00,1872.0429974487924,-13.416555187258588,7888.0,0.7156348554888322,4,28;28;44;53,50;48;14,generator.g50-1;generator.g48-1;generator.g14-1,550.0,True
33,8,2025-11-13 01:00:00,937.9367524478804,-22.295118663362057,7888.0,0.7156348554888322,4,28;28;44;53,50;48;14,generator.g50-1;generator.g48-1;generator.g14-1,550.0,True
34,8,2025-11-13 01:00:00,709.4261826332415,-37.700914934945565,7888.0,0.7156348554888322,4,28;28;44;53,50;48;14,generator.g50-1;generator.g48-1;generator.g14-1,550.0,True
37,8,2025-11-13 01:00:00,1038.3312064304748,-3.2956526860118003,7888.0,0.7156348554888322,4,28;28;44;53,50;48;14,generator.g50-1;generator.g48-1;generator.g14-1,550.0,True
41,8,2025-11-13 01:00:00,2385.7765427360173,-13.286103932758907,7888.0,0.7156348554888322,4,28;28;44;53,50;48;14,generator.g50-1;generator.g48-1;generator.g14-1,550.0,True
44,8,2025-11-13 01:00:00,2362.4440294304486,-18.94590953304893,7888.0,0.7156348554888322,4,28;28;44;53,50;48;14,generator.g50-1;generator.g48-1;generator.g14-1,550.0,True
50,8,2025-11-13 01:00:00,666.3196129152692,-47.16695331557631,7888.0,0.7156348554888322,4,28;28;44;53,50;48;14,generator.g50-1;generator.g48-1;generator.g14-1,550.0,True
1,9,2025-11-13 02:00:00,3080.0765265561604,-5.002857122486473,7754.0,0.7034777724975159,4,28;28;44;53,50;48;14,generator.g50-1;generator.g48-1;generator.g14-1,550.0,False
10,9,2025-11-13 02:00:00,1735.8802573737255,-4.934290661788469,7754.0,0.7034777724975159,4,28;28;44;53,50;48;14,generator.g50-1;generator.g48-1;generator.g14-1,550.0,False
12,9,2025-11-13 02:00:00,2104.3396753005213,-7.767248257928208,7754.0,0.7034777724975159,4,28;28;44;53,50;48;14,generator.g50-1;generator.g48-1;generator.g14-1,550.0,False
15,9,2025-11-13 02:00:00,2133.8107598674487,-17.445965700859208,7754.0,0.7034777724975159,4,28;28;44;53,50;48;14,generator.g50-1;generator.g48-1;generator.g14-1,550.0,False
16,9,2025-11-13 02:00:00,1694.4914543129976,-10.835868771051553,7754.0,0.7034777724975159,4,28;28;44;53,50;48;14,generator.g50-1;generator.g48-1;generator.g14-1,550.0,False
21,9,2025-11-13 02:00:00,1268.7047725035063,-20.090206887691963,7754.0,0.7034777724975159,4,28;28;44;53,50;48;14,generator.g50-1;generator.g48-1;generator.g14-1,550.0,False
24,9,2025-11-13 02:00:00,1650.6436790904204,-10.407495481585746,7754.0,0.7034777724975159,4,28;28;44;53,50;48;14,generator.g50-1;generator.g48-1;generator.g14-1,550.0,False
27,9,2025-11-13 02:00:00,1601.311608139362,-9.013262185248193,7754.0,0.7034777724975159,4,28;28;44;53,50;48;14,generator.g50-1;generator.g48-1;generator.g14-1,550.0,False
28,9,2025-11-13 02:00:00,6068.872315632789,-4.386047605020374,7754.0,0.7034777724975159,4,28;28;44;53,50;48;14,generator.g50-1;generator.g48-1;generator.g14-1,550.0,False
29,9,2025-11-13 02:00:00,3286.252925705945,-7.072419902470657,7754.0,0.7034777724975159,4,28;28;44;53,50;48;14,generator.g50-1;generator.g48-1;generator.g14-1,550.0,False
31,9,2025-11-13 02:00:00,4915.830201140796,-6.564599716455279,7754.0,0.7034777724975159,4,28;28;44;53,50;48;14,generator.g50-1;generator.g48-1;generator.g14-1,550.0,False
35,9,2025-11-13 02:00:00,2392.488361143675,-4.100471263398292,7754.0,0.7034777724975159,4,28;28;44;53,50;48;14,generator.g50-1;generator.g48-1;generator.g14-1,550.0,False
38,9,2025-11-13 02:00:00,3691.5782977728127,-6.170791585952474,7754.0,0.7034777724975159,4,28;28;44;53,50;48;14,generator.g50-1;generator.g48-1;generator.g14-1,550.0,False
39,9,2025-11-13 02:00:00,3170.7215956240443,-8.732666135718366,7754.0,0.7034777724975159,4,28;28;44;53,50;48;14,generator.g50-1;generator.g48-1;generator.g14-1,550.0,False
40,9,2025-11-13 02:00:00,2540.5292645390705,-8.034942972189455,7754.0,0.7034777724975159,4,28;28;44;53,50;48;14,generator.g50-1;generator.g48-1;generator.g14-1,550.0,False
47,9,2025-11-13 02:00:00,2523.932317071928,-16.081154319012928,7754.0,0.7034777724975159,4,28;28;44;53,50;48;14,generator.g50-1;generator.g48-1;generator.g14-1,550.0,False
48,9,2025-11-13 02:00:00,1745.1262962903477,-29.544496000445346,7754.0,0.7034777724975159,4,28;28;44;53,50;48;14,generator.g50-1;generator.g48-1;generator.g14-1,550.0,False
53,9,2025-11-13 02:00:00,2559.7701810536205,-14.724740516784587,7754.0,0.7034777724975159,4,28;28;44;53,50;48;14,generator.g50-1;generator.g48-1;generator.g14-1,550.0,False
54,9,2025-11-13 02:00:00,2145.872013971134,-18.003967757681288,7754.0,0.7034777724975159,4,28;28;44;53,50;48;14,generator.g50-1;generator.g48-1;generator.g14-1,550.0,False
56,9,2025-11-13 02:00:00,1779.2101293614955,-3.133862197872233,7754.0,0.7034777724975159,4,28;28;44;53,50;48;14,generator.g50-1;generator.g48-1;generator.g14-1,550.0,False
