bus,best_rank,worst_rank,n_distinct_ranks,rank_span,rank_changed
1,6,6,1,0,False
3,16,20,4,4,True
5,27,31,4,4,True
10,21,24,4,3,True
12,15,16,2,1,True
13,31,37,4,6,True
14,19,35,4,16,True
15,12,14,3,2,True
16,20,22,3,2,True
17,26,29,3,3,True
18,29,32,3,3,True
19,28,33,3,5,True
20,35,37,3,2,True
21,25,26,2,1,True
24,21,23,3,2,True
27,24,25,2,1,True
28,1,1,1,0,False
29,4,4,1,0,False
30,17,18,2,1,True
31,2,2,1,0,False
32,16,17,2,1,True
33,28,33,3,5,True
34,30,37,4,7,True
35,10,15,4,5,True
37,30,34,3,4,True
38,3,3,1,0,False
39,5,5,1,0,False
40,7,11,5,4,True
41,10,11,2,1,True
44,7,13,6,6,True
47,7,9,3,2,True
48,14,20,3,6,True
50,27,36,2,9,True
53,7,9,3,2,True
54,10,13,3,3,True
55,32,37,5,5,True
56,19,24,4,5,True
