bus,SCL_min_MVA,SCL_max_MVA,SCL_mean_MVA,mean_normalized_min_pct,mean_normalized_max_pct,mean_normalized_std_pct,SCL_range_MVA,relative_temporal_range_pct,mean_normalized_range_pp
14,906.6546122300977,2072.9395760879274,1918.4107810088615,-52.7392870596097,8.055042048804676,18.492703126444965,1166.2849638578298,60.79432910841437,60.794329108414374
50,666.3196129152692,1287.6961330901445,1261.179611494399,-47.16695331557631,2.1025174649251914,6.970215936391532,621.3765201748753,49.2694707805015,49.2694707805015
34,709.4261826332415,1190.814079289247,1138.742538341356,-37.700914934945565,4.572722910987077,10.322690006809673,481.3878966560055,42.27363784593264,42.27363784593264
20,647.536301982653,1051.10911400337,1020.9401701130103,-36.57451034461935,2.9550158543590532,7.323511553654495,403.57281202071704,39.5295261989784,39.5295261989784
48,1745.1262962903477,2549.912848612091,2476.9197539221045,-29.544496000445346,2.9469301366911296,6.173661403425241,804.7865523217431,32.49142613713647,32.49142613713647
33,937.9367524478804,1221.8947982752095,1207.0499771880382,-22.295118663362057,1.2298431189861798,3.3073333800828877,283.9580458273291,23.52496178234824,23.524961782348235
21,1268.7047725035063,1632.9641778544428,1587.6712016015658,-20.090206887691963,2.8527932110368717,4.3232757805077,364.2594053509365,22.943000098728835,22.943000098728835
44,2362.4440294304486,3013.732517724756,2914.651211086885,-18.94590953304893,3.399422416685088,5.2020779373209205,651.2884882943072,22.345331949734017,22.345331949734017
54,2145.872013971134,2673.404191689295,2617.043721859062,-18.003967757681288,2.1535929781943697,3.69375051560908,527.5321777181612,20.157560735875656,20.157560735875656
15,2133.8107598674487,2639.4851768550006,2584.7443774042877,-17.445965700859208,2.11784190070223,3.57379871412712,505.6744169875519,19.56380760156144,19.56380760156144
47,2523.932317071928,3069.675769217084,3007.587028385161,-16.081154319012928,2.0644037976603435,3.331517409116973,545.743452145156,18.14555811667327,18.14555811667327
53,2559.7701810536205,3063.756712274232,3001.77354670783,-14.724740516784587,2.064884795669598,3.066566489666874,503.9865312206116,16.789625312454184,16.789625312454184
41,2385.7765427360173,2800.574994367001,2751.3197433615483,-13.286103932758907,1.7902408880064629,2.9574061252614396,414.7984516309839,15.076344820765373,15.076344820765371
32,1872.0429974487924,2185.8263651170496,2162.1257984104914,-13.416555187258588,1.0961696458171828,2.2802998280650217,313.78336766825714,14.512724833075769,14.51272483307577
30,1831.350911808769,2108.2329117996496,2084.460411604047,-12.142686826107836,1.1404630216656035,2.169172383039776,276.88199999088056,13.28314984777344,13.283149847773439
16,1694.4914543129976,1935.6136353360264,1900.4182858710521,-10.835868771051553,1.8519790998981331,2.257374493267471,241.12218102302882,12.687847870949687,12.687847870949685
24,1650.6436790904204,1883.7445775516808,1842.3903740196904,-10.407495481585746,2.2445950714432255,2.22221223833962,233.10089846126039,12.652090553028971,12.652090553028971
27,1601.311608139362,1791.480182523365,1759.9395764684061,-9.013262185248193,1.7921414164826117,1.9083273046127496,190.16857438400302,10.805403601730804,10.805403601730804
39,3170.7215956240443,3502.1753757839697,3474.103451229375,-8.732666135718366,0.8080336394318066,1.7017781120144058,331.4537801599254,9.540699775150173,9.540699775150173
40,2540.5292645390705,2788.7407520673514,2762.4940892178274,-8.034942972189455,0.9501074754138381,1.5942487494232696,248.21148752828094,8.985050447603292,8.985050447603292
12,2104.3396753005213,2306.95980694236,2281.5536081860505,-7.767248257928208,1.1135481833586522,1.5517020468468106,202.62013164183873,8.880796441286861,8.88079644128686
3,1887.1127703526995,2046.2027247261544,2023.33457642785,-6.7325398212512555,1.130220803060544,1.385512224996677,159.08995437345493,7.8627606243118,7.862760624311799
29,3286.252925705945,3560.4253303834744,3536.35908979547,-7.072419902470657,0.6805372411826043,1.2924063652677662,274.17240467752936,7.752957143653261,7.752957143653262
31,4915.830201140796,5311.858130895388,5261.207407709412,-6.564599716455279,0.96272051757085,1.3210380006200606,396.02792975459215,7.52732023402613,7.52732023402613
38,3691.5782977728127,3956.413667548487,3934.359417680148,-6.170791585952474,0.5605550364624035,1.1997515336195126,264.8353697756743,6.731346622414877,6.731346622414877
5,1116.5668148378943,1195.7617339310814,1176.9601499522564,-5.131298210632873,1.5974698871145003,1.3728908999890204,79.19491909318708,6.728768097747373,6.728768097747373
10,1735.8802573737255,1843.893083995464,1825.9793877917143,-4.934290661788469,0.9810459156066335,1.0150442114056244,108.01282662173844,5.915336577395102,5.915336577395102
55,1001.3827650776644,1060.389684156632,1040.704277798913,-3.7783560191002,1.8915465975938612,1.2551642460315462,59.0069190789676,5.669902616694062,5.669902616694062
1,3080.0765265561604,3258.296445574038,3242.2833290128724,-5.002857122486473,0.4938839372202815,0.9764930940699295,178.2199190178776,5.496741059706755,5.496741059706754
18,1084.5961976333583,1140.9821167867285,1126.3724042141116,-3.708916023195831,1.2970588162456211,0.9252028728789818,56.385919153370196,5.005974839441452,5.005974839441452
28,6068.872315632789,6379.413207219389,6347.266443460448,-4.386047605020374,0.5064662724543707,0.8324851557700682,310.5408915866001,4.8925138774747445,4.8925138774747445
37,1038.3312064304748,1088.2066304759928,1073.7171960420037,-3.2956526860118003,1.3494646902742062,0.8696595447211773,49.875424045518,4.645117376286007,4.645117376286007
35,2392.488361143675,2502.952172691766,2494.786358872419,-4.100471263398292,0.327315154273882,0.7718711870482067,110.46381154809114,4.4277864176721735,4.427786417672174
13,1014.4885807140416,1057.2678282990914,1041.6174233828747,-2.604492019798051,1.5025099009374028,0.955799755613529,42.7792475850498,4.107001920735453,4.107001920735454
17,1176.068710105074,1224.3871468348004,1209.9816159333714,-2.80276207354913,1.190557832592915,0.750117325419238,48.3184367297265,3.9933199061420446,3.9933199061420446
56,1779.2101293614955,1843.119455827902,1836.7720337895141,-3.133862197872233,0.3455748411680773,0.5646210220485205,63.909326466406355,3.47943703904031,3.4794370390403104
19,1100.365308643566,1138.928654386475,1125.3267381700698,-2.218149509812083,1.2087081693734354,0.7192201521331086,38.56334574290895,3.4268576791855185,3.4268576791855185
