bus_a,bus_b,n_order_reversals
5,34,22
40,41,22
24,56,19
13,55,14
35,48,13
13,14,12
13,20,12
14,55,12
17,33,12
20,55,12
10,56,10
14,50,10
15,44,10
20,34,10
41,54,10
44,54,10
3,14,8
5,14,8
10,14,8
13,34,8
14,16,8
14,17,8
14,18,8
14,19,8
14,21,8
14,24,8
14,27,8
14,33,8
14,37,8
14,56,8
17,50,8
18,19,8
18,34,8
19,34,8
34,37,8
34,55,8
40,44,8
41,44,8
44,47,7
44,53,7
40,53,4
3,30,2
3,32,2
3,48,2
5,33,2
5,50,2
10,16,2
10,24,2
12,48,2
13,33,2
13,50,2
15,35,2
16,56,2
18,33,2
18,50,2
19,33,2
19,50,2
30,48,2
32,48,2
33,37,2
33,50,2
33,55,2
34,50,2
35,41,2
35,44,2
35,54,2
37,50,2
40,47,2
47,53,2
48,56,2
50,55,2
