bus,delta_scl_sim_pct,delta_scl_pred_pct,error_pp,delta_Zii_real,delta_Zii_imag,abs_delta_Zii
31,-0.009765083359902782,-0.009820071143240572,-5.4987783337789864e-05,1.7521231529399328e-06,1.7970152682636464e-06,2.509820594672224e-06
27,0.00031565240332653843,0.0013775692561557307,0.0010619168528291922,-1.2293536309705005e-05,2.657838478289931e-06,1.2577564962055012e-05
10,0.004365074238044109,0.0049925151637042475,0.0006274409256601388,-6.896266786723948e-07,-2.6873539436811367e-06,2.7744289817105205e-06
12,0.008320547502083109,0.007505323459033875,-0.0008152240430492341,-8.063067019111608e-06,-1.6935551532953896e-06,8.239003508431024e-06
13,0.002580900942450448,0.003722736470046506,0.0011418355275960579,-4.009494069978636e-06,-2.3019108032901192e-06,4.623292770688182e-06
15,-0.0043806564878901,-0.0025034544032243033,0.0018772020846657966,-1.4657032739770481e-05,5.3403798919646195e-06,1.5599623909735895e-05
55,0.0021570857209551875,0.005377713705967402,0.0032206279850122144,-8.758044776152607e-06,-1.3534668808212746e-06,8.862009980730898e-06
16,-0.000898646879399223,0.00044522240110200784,0.0013438692805012309,-1.2992427957861721e-05,3.6153460876847676e-06,1.3486063605587973e-05
17,0.004968210748135249,0.004229056572224721,-0.000739154175910528,-5.179492026177734e-06,-1.9758295130567483e-06,5.543558416207481e-06
18,-0.01885556794892773,-0.018047165566670298,0.0008084023822574338,-4.558247077561181e-05,3.3936472356388414e-05,5.6828213046033925e-05
19,0.00423638260789172,0.004204424184806044,-3.19584230856762e-05,-3.7386722203831824e-06,-2.633891587097703e-06,4.573298029217971e-06
20,-48.69062443248513,-48.444619472109096,0.24600496037603392,0.03733833009569824,0.08249540271753249,0.09055187664462394
21,0.0005931765660438515,0.0030403663017875004,0.002447189735743649,-6.452886725599738e-06,8.47282205576616e-08,6.453442954329121e-06
5,-0.07533003502047109,-0.07425414443277267,0.0010758905876984137,-9.904545934885656e-05,0.00010343760322570339,0.00014321082633203414
1,-0.00043216399158163554,-0.0015314234697250129,-0.0010992594781433773,1.651689914431223e-06,3.488704326468084e-07,1.688132148917552e-06
56,-0.06724564305355951,-0.07100884613963077,-0.003763203086071254,2.0894073574119487e-06,3.9447944019152525e-05,3.950323923988258e-05
29,-0.2688183755364171,-0.27430216019908027,-0.005483784662663194,-3.7583715610518646e-06,7.968735763464602e-05,7.97759382494678e-05
30,-0.9046717171429908,-0.9189160026530918,-0.01424428551010104,1.8252665653653577e-05,0.0004461320852573794,0.000446505316093282
3,0.012583336139826429,0.005997964480664031,-0.006585371659162398,3.012371073800313e-07,-3.015845559943553e-06,3.0308527242830412e-06
32,-1.5446556768158426,-1.5586463599643663,-0.013990683148523697,-2.065432004026181e-06,0.0007416383347510561,0.0007416412108167147
33,-6.973444989052102,-7.033365086522247,-0.05992009747014482,-0.0016181152220120613,0.00659980873471476,0.006795275727041868
34,-65.9367304574785,-65.64268146824939,0.29404898922911116,0.0700572916459105,0.1465640479117487,0.16244705061353848
35,-0.01304722798762814,-0.014665745195241442,-0.0016185172076133014,2.8899867851369526e-06,5.7505969673840585e-06,6.435945082080249e-06
37,-0.015571010321080436,-0.014765135184025002,0.000805875137055434,-4.540920311368879e-05,3.390946552210561e-05,5.66731645438572e-05
38,-0.002756211294363542,-0.003290897888741373,-0.0005346865943778312,1.7389557032871684e-06,7.054085529797915e-07,1.87658417466737e-06
39,0.004709402181224398,0.0039760705197178225,-0.0007333316615065755,9.248651017322411e-07,-1.2823871755295035e-06,1.581104779691949e-06
40,0.010694748554351818,0.007937173035243994,-0.0027575755191078244,-2.0822460747209684e-06,-2.5393226319794793e-06,3.2838861345932914e-06
41,0.01598997390666046,0.0034629128500496265,-0.012527061056610833,4.248467469134681e-06,-1.9004214607057368e-06,4.654146276666278e-06
24,-0.035245219403634565,-0.03559901193818105,-0.0003537925345464821,-3.2737726562079295e-05,3.348825969155117e-05,4.6831851101811504e-05
47,0.003262361821665394,0.0037312960730284672,0.00046893425136307343,-3.740065035227544e-06,-6.089182667326498e-07,3.789309689546673e-06
44,-0.5209611400272429,-0.520273585850306,0.0006875541769368887,-0.0001815939932827181,0.00021900487427155974,0.00028449870535920816
14,-12.818274894817138,-13.303204512548096,-0.4849296177309572,4.504802330732548e-05,0.007649908877513913,0.007650041513525928
54,-0.001418414672138546,0.0011851422610176243,0.0026035569331561703,-1.4153459158987997e-05,3.393088485237339e-06,1.4554499497880078e-05
53,0.0021972409186332698,0.0026227651950261333,0.0004255242763928635,-4.085474732617826e-06,-2.0108022329157205e-07,4.090420155321173e-06
28,-0.0805332037977835,-0.08063754149709723,-0.00010433769931372794,7.132240513711566e-07,1.304809674533905e-05,1.3067575032238452e-05
50,-25.952067217897124,-25.97171642937839,-0.019649211481265638,0.0030587394002273664,0.02781953303626329,0.027987181084815384
48,0.0013167576437433937,0.003712398273369999,0.0023956406296266053,-6.619997873375319e-06,-9.471130926058668e-08,6.620675348904793e-06
